2026-08-16T14:27:40.986Z === MCP server 启动 (pid 2108) ===
2026-08-16T14:27:40.995Z msg: {"method":"initialize","params":{"protocolVersion":"2025-11-25","capabilities":{"sampling":{"tools":{}},"elicitation":{"form":{},"url":{}}},"clientInfo":{"name":"mcp","version":"0.1.0"}},"jsonrpc":"2.
2026-08-16T14:27:40.995Z >> {"jsonrpc":"2.0","id":0,"result":{"protocolVersion":"2024-11-05","capabilities":{"tools":{}},"serverInfo":{"name":"agentfarm2-game","version":"0.1.0"}}}
2026-08-16T14:27:42.471Z === MCP server 启动 (pid 2912) ===
2026-08-16T14:27:42.479Z msg: {"method":"initialize","params":{"protocolVersion":"2025-11-25","capabilities":{"sampling":{"tools":{}},"elicitation":{"form":{},"url":{}}},"clientInfo":{"name":"mcp","version":"0.1.0"}},"jsonrpc":"2.
2026-08-16T14:27:42.481Z >> {"jsonrpc":"2.0","id":0,"result":{"protocolVersion":"2024-11-05","capabilities":{"tools":{}},"serverInfo":{"name":"agentfarm2-game","version":"0.1.0"}}}
2026-08-16T14:27:42.482Z msg: {"method":"notifications/initialized","jsonrpc":"2.0"}
2026-08-16T14:27:42.487Z msg: {"method":"tools/list","jsonrpc":"2.0","id":1}
2026-08-16T14:27:42.487Z >> {"jsonrpc":"2.0","id":1,"result":{"tools":[{"name":"game_observe","description":"查看当前游戏世界状态：场景/位置/天数/时间/天气/金币/背包物品/NPC好感/在线玩家。返回 JSON。","inputSchema":{"type":"o
2026-08-16T14:37:37.804Z === MCP server 启动 (pid 5744) ===
2026-08-16T14:37:37.811Z msg: {"method":"initialize","params":{"protocolVersion":"2025-11-25","capabilities":{"sampling":{"tools":{}},"elicitation":{"form":{},"url":{}}},"clientInfo":{"name":"mcp","version":"0.1.0"}},"jsonrpc":"2.
2026-08-16T14:37:37.812Z >> {"jsonrpc":"2.0","id":0,"result":{"protocolVersion":"2024-11-05","capabilities":{"tools":{}},"serverInfo":{"name":"agentfarm2-game","version":"0.1.0"}}}
2026-08-16T14:37:39.350Z === MCP server 启动 (pid 22364) ===
2026-08-16T14:37:39.357Z msg: {"method":"initialize","params":{"protocolVersion":"2025-11-25","capabilities":{"sampling":{"tools":{}},"elicitation":{"form":{},"url":{}}},"clientInfo":{"name":"mcp","version":"0.1.0"}},"jsonrpc":"2.
2026-08-16T14:37:39.358Z >> {"jsonrpc":"2.0","id":0,"result":{"protocolVersion":"2024-11-05","capabilities":{"tools":{}},"serverInfo":{"name":"agentfarm2-game","version":"0.1.0"}}}
2026-08-16T14:37:41.331Z === MCP server 启动 (pid 9596) ===
2026-08-16T14:37:41.339Z msg: {"method":"initialize","params":{"protocolVersion":"2025-11-25","capabilities":{"sampling":{"tools":{}},"elicitation":{"form":{},"url":{}}},"clientInfo":{"name":"mcp","version":"0.1.0"}},"jsonrpc":"2.
2026-08-16T14:37:41.339Z >> {"jsonrpc":"2.0","id":0,"result":{"protocolVersion":"2024-11-05","capabilities":{"tools":{}},"serverInfo":{"name":"agentfarm2-game","version":"0.1.0"}}}
2026-08-16T14:37:41.341Z msg: {"method":"notifications/initialized","jsonrpc":"2.0"}
2026-08-16T14:37:41.346Z msg: {"method":"tools/list","jsonrpc":"2.0","id":1}
2026-08-16T14:37:41.347Z >> {"jsonrpc":"2.0","id":1,"result":{"tools":[{"name":"game_observe","description":"查看当前游戏世界状态：场景/位置/天数/时间/天气/金币/背包物品/NPC好感/在线玩家。返回 JSON。","inputSchema":{"type":"o
2026-08-16T14:41:59.947Z === MCP server 启动 (pid 28628) ===
2026-08-16T14:41:59.954Z msg: {"method":"initialize","params":{"protocolVersion":"2025-11-25","capabilities":{"sampling":{"tools":{}},"elicitation":{"form":{},"url":{}}},"clientInfo":{"name":"mcp","version":"0.1.0"}},"jsonrpc":"2.
2026-08-16T14:41:59.955Z >> {"jsonrpc":"2.0","id":0,"result":{"protocolVersion":"2024-11-05","capabilities":{"tools":{}},"serverInfo":{"name":"agentfarm2-game","version":"0.1.0"}}}
2026-08-16T14:42:01.404Z === MCP server 启动 (pid 14456) ===
2026-08-16T14:42:01.411Z msg: {"method":"initialize","params":{"protocolVersion":"2025-11-25","capabilities":{"sampling":{"tools":{}},"elicitation":{"form":{},"url":{}}},"clientInfo":{"name":"mcp","version":"0.1.0"}},"jsonrpc":"2.
2026-08-16T14:42:01.412Z >> {"jsonrpc":"2.0","id":0,"result":{"protocolVersion":"2024-11-05","capabilities":{"tools":{}},"serverInfo":{"name":"agentfarm2-game","version":"0.1.0"}}}
2026-08-16T14:42:01.413Z msg: {"method":"notifications/initialized","jsonrpc":"2.0"}
2026-08-16T14:42:01.417Z msg: {"method":"tools/list","jsonrpc":"2.0","id":1}
2026-08-16T14:42:01.418Z >> {"jsonrpc":"2.0","id":1,"result":{"tools":[{"name":"game_observe","description":"查看当前游戏世界状态：场景/位置/天数/时间/天气/金币/背包物品/NPC好感/在线玩家。返回 JSON。","inputSchema":{"type":"o
2026-08-16T14:42:58.562Z === MCP server 启动 (pid 19556) ===
2026-08-16T14:42:58.569Z msg: {"jsonrpc":"2.0","id":"b19b870e-1ea9-4281-bad3-28b301c5f413","method":"initialize","params":{"protocolVersion":"2024-11-05","capabilities":{},"clientInfo":{"name":"hermes-cli-adhoc","version":"1.0"}}}
2026-08-16T14:42:58.570Z >> {"jsonrpc":"2.0","id":"b19b870e-1ea9-4281-bad3-28b301c5f413","result":{"protocolVersion":"2024-11-05","capabilities":{"tools":{}},"serverInfo":{"name":"agentfar
2026-08-16T14:45:03.618Z === MCP server 启动 (pid 38456) ===
2026-08-16T14:45:03.625Z msg: {"jsonrpc":"2.0","id":"7e44d1e1-9193-47a5-81f2-1441aaaa4618","method":"initialize","params":{"protocolVersion":"2024-11-05","capabilities":{},"clientInfo":{"name":"hermes-cli-adhoc","version":"1.0"}}}
2026-08-16T14:45:03.625Z >> {"jsonrpc":"2.0","id":"7e44d1e1-9193-47a5-81f2-1441aaaa4618","result":{"protocolVersion":"2024-11-05","capabilities":{"tools":{}},"serverInfo":{"name":"agentfar
2026-08-16T14:46:22.600Z === MCP server 启动 (pid 35756) ===
2026-08-16T14:46:22.608Z msg: {"method":"initialize","params":{"protocolVersion":"2025-11-25","capabilities":{"sampling":{"tools":{}},"elicitation":{"form":{},"url":{}}},"clientInfo":{"name":"mcp","version":"0.1.0"}},"jsonrpc":"2.
2026-08-16T14:46:22.608Z >> {"jsonrpc":"2.0","id":0,"result":{"protocolVersion":"2024-11-05","capabilities":{"tools":{}},"serverInfo":{"name":"agentfarm2-game","version":"0.1.0"}}}
2026-08-16T14:46:22.610Z msg: {"method":"notifications/initialized","jsonrpc":"2.0"}
2026-08-16T14:46:22.615Z msg: {"method":"tools/list","jsonrpc":"2.0","id":1}
2026-08-16T14:46:22.615Z >> {"jsonrpc":"2.0","id":1,"result":{"tools":[{"name":"game_observe","description":"查看当前游戏世界状态：场景/位置/天数/时间/天气/金币/背包物品/NPC好感/在线玩家。返回 JSON。","inputSchema":{"type":"o
2026-08-16T14:47:08.348Z === MCP server 启动 (pid 27884) ===
2026-08-16T14:47:08.355Z msg: {"jsonrpc":"2.0","id":"c68b82d4-e719-45b8-8084-af4fa43490b0","method":"initialize","params":{"protocolVersion":"2024-11-05","capabilities":{},"clientInfo":{"name":"hermes-cli-adhoc","version":"1.0"}}}
2026-08-16T14:47:08.356Z >> {"jsonrpc":"2.0","id":"c68b82d4-e719-45b8-8084-af4fa43490b0","result":{"protocolVersion":"2024-11-05","capabilities":{"tools":{}},"serverInfo":{"name":"agentfar
2026-08-16T14:47:18.724Z === MCP server 启动 (pid 28792) ===
2026-08-16T14:47:18.731Z msg: {"jsonrpc":"2.0","id":0,"method":"initialize","params":{"protocolVersion":"2024-11-05","capabilities":{},"clientInfo":{"name":"t","version":"0"}}}
2026-08-16T14:47:18.732Z >> {"jsonrpc":"2.0","id":0,"result":{"protocolVersion":"2024-11-05","capabilities":{"tools":{}},"serverInfo":{"name":"agentfarm2-game","version":"0.1.0"}}}
2026-08-16T14:47:38.577Z === MCP server 启动 (pid 11168) ===
2026-08-16T14:47:38.584Z msg: {"jsonrpc":"2.0","id":"f8f94f9e-20e6-493d-9df9-7a73f5393cdb","method":"initialize","params":{"protocolVersion":"2024-11-05","capabilities":{},"clientInfo":{"name":"t","version":"0"}}}
2026-08-16T14:47:38.585Z >> {"jsonrpc":"2.0","id":"f8f94f9e-20e6-493d-9df9-7a73f5393cdb","result":{"protocolVersion":"2024-11-05","capabilities":{"tools":{}},"serverInfo":{"name":"agentfar
2026-08-16T14:47:38.586Z msg: {"jsonrpc":"2.0","method":"notifications/initialized"}
2026-08-16T14:52:39.531Z === MCP server 启动 (pid 11032) ===
2026-08-16T14:52:39.540Z msg: {"method":"initialize","params":{"protocolVersion":"2025-11-25","capabilities":{"sampling":{"tools":{}},"elicitation":{"form":{},"url":{}}},"clientInfo":{"name":"mcp","version":"0.1.0"}},"jsonrpc":"2.
2026-08-16T14:52:39.541Z >> {"jsonrpc":"2.0","id":0,"result":{"protocolVersion":"2024-11-05","capabilities":{"tools":{}},"serverInfo":{"name":"agentfarm2-game","version":"0.1.0"}}}
2026-08-16T14:52:39.542Z msg: {"method":"notifications/initialized","jsonrpc":"2.0"}
2026-08-16T14:52:39.547Z msg: {"method":"tools/list","jsonrpc":"2.0","id":1}
2026-08-16T14:52:39.548Z >> {"jsonrpc":"2.0","id":1,"result":{"tools":[{"name":"game_observe","description":"查看当前游戏世界状态：场景/位置/天数/时间/天气/金币/背包物品/NPC好感/在线玩家。返回 JSON。","inputSchema":{"type":"o
2026-08-16T14:53:41.755Z === MCP server 启动 (pid 19960) ===
2026-08-16T14:53:41.765Z msg: {"jsonrpc":"2.0","id":"7903babe-f58b-4b15-a17e-dac4d1254ce9","method":"initialize","params":{"protocolVersion":"2024-11-05","capabilities":{},"clientInfo":{"name":"hermes-verify","version":"1.0"}}}
2026-08-16T14:53:41.766Z >> {"jsonrpc":"2.0","id":"7903babe-f58b-4b15-a17e-dac4d1254ce9","result":{"protocolVersion":"2024-11-05","capabilities":{"tools":{}},"serverInfo":{"name":"agentfar
2026-08-16T14:54:35.521Z === MCP server 启动 (pid 29584) ===
2026-08-16T14:54:35.531Z msg: {"jsonrpc":"2.0","id":"986eda14-9141-4ab4-bf48-d2994b807405","method":"initialize","params":{"protocolVersion":"2024-11-05","capabilities":{},"clientInfo":{"name":"hermes-verify","version":"1.0"}}}
2026-08-16T14:54:35.532Z >> {"jsonrpc":"2.0","id":"986eda14-9141-4ab4-bf48-d2994b807405","result":{"protocolVersion":"2024-11-05","capabilities":{"tools":{}},"serverInfo":{"name":"agentfar
2026-08-16T14:54:35.534Z msg: {"jsonrpc":"2.0","method":"notifications/initialized"}
2026-08-16T14:54:35.540Z msg: {"jsonrpc":"2.0","id":"e2f10494-9438-4676-a2de-0aa4143eff30","method":"tools/call","params":{"name":"game_observe","arguments":{}}}
2026-08-16T14:54:35.541Z >> {"jsonrpc":"2.0","id":"e2f10494-9438-4676-a2de-0aa4143eff30","result":{"content":[{"type":"text","text":"{\n \"ok\": false,\n \"msg\": \"游戏连接未就绪\"\n}"}]}}
2026-08-16T14:55:23.480Z === MCP server 启动 (pid 37708) ===
2026-08-16T14:55:23.487Z msg: {"jsonrpc":"2.0","id":"4dd98511-1ea2-4b07-88c8-7f508d9c0eed","method":"initialize","params":{"protocolVersion":"2024-11-05","capabilities":{},"clientInfo":{"name":"hermes-verify","version":"1.0"}}}
2026-08-16T14:55:23.488Z >> {"jsonrpc":"2.0","id":"4dd98511-1ea2-4b07-88c8-7f508d9c0eed","result":{"protocolVersion":"2024-11-05","capabilities":{"tools":{}},"serverInfo":{"name":"agentfar
2026-08-16T14:56:17.043Z === MCP server 启动 (pid 29808) ===
2026-08-16T14:56:17.050Z msg: {"jsonrpc":"2.0","id":1,"method":"initialize","params":{"protocolVersion":"2024-11-05","capabilities":{},"clientInfo":{"name":"dbg","version":"0"}}}
2026-08-16T14:56:17.051Z >> {"jsonrpc":"2.0","id":1,"result":{"protocolVersion":"2024-11-05","capabilities":{"tools":{}},"serverInfo":{"name":"agentfarm2-game","version":"0.1.0"}}}
2026-08-16T14:56:17.775Z msg: {"jsonrpc":"2.0","method":"notifications/initialized"}
2026-08-16T14:56:18.480Z msg: {"jsonrpc":"2.0","id":2,"method":"tools/call","params":{"name":"game_observe","arguments":{}}}
2026-08-16T14:56:18.482Z >> {"jsonrpc":"2.0","id":2,"result":{"content":[{"type":"text","text":"{\n \"t\": \"state\",\n \"nick\": \"hermes\",\n \"uid\": \"uc27c7dcbdf76\",\n \"scene\": 2,\
2026-08-16T14:56:56.142Z === MCP server 启动 (pid 25400) ===
2026-08-16T14:56:56.149Z msg: {"jsonrpc":"2.0","id":"fe23ef93-2238-4cfa-bf8f-513756d19bd2","method":"initialize","params":{"protocolVersion":"2024-11-05","capabilities":{},"clientInfo":{"name":"hermes-verify","version":"1.0"}}}
2026-08-16T14:56:56.149Z >> {"jsonrpc":"2.0","id":"fe23ef93-2238-4cfa-bf8f-513756d19bd2","result":{"protocolVersion":"2024-11-05","capabilities":{"tools":{}},"serverInfo":{"name":"agentfar
2026-08-16T14:56:56.150Z msg: {"jsonrpc":"2.0","method":"notifications/initialized"}
2026-08-16T14:56:57.359Z msg: {"jsonrpc":"2.0","id":"86f96e58-725d-4432-8530-63856cba1109","method":"tools/call","params":{"name":"game_observe","arguments":{}}}
2026-08-16T14:56:57.365Z >> {"jsonrpc":"2.0","id":"86f96e58-725d-4432-8530-63856cba1109","result":{"content":[{"type":"text","text":"{\n \"t\": \"state\",\n \"nick\": \"hermes\",\n \"uid\"
2026-08-20T08:48:54.792Z === MCP server 启动 (pid 9744) ===
2026-08-20T08:48:54.800Z msg: {"method":"initialize","params":{"protocolVersion":"2025-11-25","capabilities":{"sampling":{"tools":{}},"elicitation":{"form":{},"url":{}}},"clientInfo":{"name":"mcp","version":"0.1.0"}},"jsonrpc":"2.
2026-08-20T08:48:54.801Z >> {"jsonrpc":"2.0","id":0,"result":{"protocolVersion":"2024-11-05","capabilities":{"tools":{}},"serverInfo":{"name":"agentfarm2-game","version":"0.1.0"}}}
2026-08-20T08:48:56.231Z === MCP server 启动 (pid 8448) ===
2026-08-20T08:48:56.239Z msg: {"method":"initialize","params":{"protocolVersion":"2025-11-25","capabilities":{"sampling":{"tools":{}},"elicitation":{"form":{},"url":{}}},"clientInfo":{"name":"mcp","version":"0.1.0"}},"jsonrpc":"2.
2026-08-20T08:48:56.240Z >> {"jsonrpc":"2.0","id":0,"result":{"protocolVersion":"2024-11-05","capabilities":{"tools":{}},"serverInfo":{"name":"agentfarm2-game","version":"0.1.0"}}}
2026-08-20T08:48:58.214Z === MCP server 启动 (pid 36316) ===
2026-08-20T08:48:58.221Z msg: {"method":"initialize","params":{"protocolVersion":"2025-11-25","capabilities":{"sampling":{"tools":{}},"elicitation":{"form":{},"url":{}}},"clientInfo":{"name":"mcp","version":"0.1.0"}},"jsonrpc":"2.
2026-08-20T08:48:58.221Z >> {"jsonrpc":"2.0","id":0,"result":{"protocolVersion":"2024-11-05","capabilities":{"tools":{}},"serverInfo":{"name":"agentfarm2-game","version":"0.1.0"}}}
2026-08-20T08:49:02.903Z === MCP server 启动 (pid 31384) ===
2026-08-20T08:49:02.912Z msg: {"method":"initialize","params":{"protocolVersion":"2025-11-25","capabilities":{"sampling":{"tools":{}},"elicitation":{"form":{},"url":{}}},"clientInfo":{"name":"mcp","version":"0.1.0"}},"jsonrpc":"2.
2026-08-20T08:49:02.913Z >> {"jsonrpc":"2.0","id":0,"result":{"protocolVersion":"2024-11-05","capabilities":{"tools":{}},"serverInfo":{"name":"agentfarm2-game","version":"0.1.0"}}}
2026-08-20T08:51:39.589Z === MCP server 启动 (pid 21300) ===
2026-08-20T08:51:39.597Z msg: {"method":"initialize","params":{"protocolVersion":"2025-11-25","capabilities":{"sampling":{"tools":{}},"elicitation":{"form":{},"url":{}}},"clientInfo":{"name":"mcp","version":"0.1.0"}},"jsonrpc":"2.
2026-08-20T08:51:39.597Z >> {"jsonrpc":"2.0","id":0,"result":{"protocolVersion":"2024-11-05","capabilities":{"tools":{}},"serverInfo":{"name":"agentfarm2-game","version":"0.1.0"}}}
2026-08-20T08:51:40.811Z === MCP server 启动 (pid 12148) ===
2026-08-20T08:51:40.819Z msg: {"method":"initialize","params":{"protocolVersion":"2025-11-25","capabilities":{"sampling":{"tools":{}},"elicitation":{"form":{},"url":{}}},"clientInfo":{"name":"mcp","version":"0.1.0"}},"jsonrpc":"2.
2026-08-20T08:51:40.819Z >> {"jsonrpc":"2.0","id":0,"result":{"protocolVersion":"2024-11-05","capabilities":{"tools":{}},"serverInfo":{"name":"agentfarm2-game","version":"0.1.0"}}}
2026-08-20T08:51:40.822Z msg: {"method":"notifications/initialized","jsonrpc":"2.0"}
2026-08-20T08:51:40.822Z msg: {"method":"tools/list","jsonrpc":"2.0","id":1}
2026-08-20T08:51:40.823Z >> {"jsonrpc":"2.0","id":1,"result":{"tools":[{"name":"game_observe","description":"查看当前游戏世界状态：场景/位置/天数/时间/天气/金币/背包物品/NPC好感/在线玩家。返回 JSON。","inputSchema":{"type":"o
2026-08-20T08:54:40.962Z === MCP server 启动 (pid 4956) ===
2026-08-20T08:54:40.970Z msg: {"method":"initialize","params":{"protocolVersion":"2025-11-25","capabilities":{"sampling":{"tools":{}},"elicitation":{"form":{},"url":{}}},"clientInfo":{"name":"mcp","version":"0.1.0"}},"jsonrpc":"2.
2026-08-20T08:54:40.970Z >> {"jsonrpc":"2.0","id":0,"result":{"protocolVersion":"2024-11-05","capabilities":{"tools":{}},"serverInfo":{"name":"agentfarm2-game","version":"0.1.0"}}}
2026-08-20T08:54:43.211Z === MCP server 启动 (pid 17768) ===
2026-08-20T08:54:43.219Z msg: {"method":"initialize","params":{"protocolVersion":"2025-11-25","capabilities":{"sampling":{"tools":{}},"elicitation":{"form":{},"url":{}}},"clientInfo":{"name":"mcp","version":"0.1.0"}},"jsonrpc":"2.
2026-08-20T08:54:43.220Z >> {"jsonrpc":"2.0","id":0,"result":{"protocolVersion":"2024-11-05","capabilities":{"tools":{}},"serverInfo":{"name":"agentfarm2-game","version":"0.1.0"}}}
2026-08-20T08:54:47.948Z === MCP server 启动 (pid 9644) ===
2026-08-20T08:54:47.955Z msg: {"method":"initialize","params":{"protocolVersion":"2025-11-25","capabilities":{"sampling":{"tools":{}},"elicitation":{"form":{},"url":{}}},"clientInfo":{"name":"mcp","version":"0.1.0"}},"jsonrpc":"2.
2026-08-20T08:54:47.955Z >> {"jsonrpc":"2.0","id":0,"result":{"protocolVersion":"2024-11-05","capabilities":{"tools":{}},"serverInfo":{"name":"agentfarm2-game","version":"0.1.0"}}}
2026-08-20T08:59:48.219Z === MCP server 启动 (pid 30908) ===
2026-08-20T08:59:48.226Z msg: {"method":"initialize","params":{"protocolVersion":"2025-11-25","capabilities":{"sampling":{"tools":{}},"elicitation":{"form":{},"url":{}}},"clientInfo":{"name":"mcp","version":"0.1.0"}},"jsonrpc":"2.
2026-08-20T08:59:48.227Z >> {"jsonrpc":"2.0","id":0,"result":{"protocolVersion":"2024-11-05","capabilities":{"tools":{}},"serverInfo":{"name":"agentfarm2-game","version":"0.1.0"}}}
2026-08-20T08:59:49.366Z === MCP server 启动 (pid 36508) ===
2026-08-20T08:59:49.373Z msg: {"method":"initialize","params":{"protocolVersion":"2025-11-25","capabilities":{"sampling":{"tools":{}},"elicitation":{"form":{},"url":{}}},"clientInfo":{"name":"mcp","version":"0.1.0"}},"jsonrpc":"2.
2026-08-20T08:59:49.373Z >> {"jsonrpc":"2.0","id":0,"result":{"protocolVersion":"2024-11-05","capabilities":{"tools":{}},"serverInfo":{"name":"agentfarm2-game","version":"0.1.0"}}}
2026-08-20T08:59:51.878Z === MCP server 启动 (pid 36456) ===
2026-08-20T08:59:51.885Z msg: {"method":"initialize","params":{"protocolVersion":"2025-11-25","capabilities":{"sampling":{"tools":{}},"elicitation":{"form":{},"url":{}}},"clientInfo":{"name":"mcp","version":"0.1.0"}},"jsonrpc":"2.
2026-08-20T08:59:51.886Z >> {"jsonrpc":"2.0","id":0,"result":{"protocolVersion":"2024-11-05","capabilities":{"tools":{}},"serverInfo":{"name":"agentfarm2-game","version":"0.1.0"}}}
2026-08-20T08:59:56.747Z === MCP server 启动 (pid 2548) ===
2026-08-20T08:59:56.755Z msg: {"method":"initialize","params":{"protocolVersion":"2025-11-25","capabilities":{"sampling":{"tools":{}},"elicitation":{"form":{},"url":{}}},"clientInfo":{"name":"mcp","version":"0.1.0"}},"jsonrpc":"2.
2026-08-20T08:59:56.756Z >> {"jsonrpc":"2.0","id":0,"result":{"protocolVersion":"2024-11-05","capabilities":{"tools":{}},"serverInfo":{"name":"agentfarm2-game","version":"0.1.0"}}}
2026-08-20T09:04:57.084Z === MCP server 启动 (pid 38048) ===
2026-08-20T09:04:57.094Z msg: {"method":"initialize","params":{"protocolVersion":"2025-11-25","capabilities":{"sampling":{"tools":{}},"elicitation":{"form":{},"url":{}}},"clientInfo":{"name":"mcp","version":"0.1.0"}},"jsonrpc":"2.
2026-08-20T09:04:57.095Z >> {"jsonrpc":"2.0","id":0,"result":{"protocolVersion":"2024-11-05","capabilities":{"tools":{}},"serverInfo":{"name":"agentfarm2-game","version":"0.1.0"}}}
2026-08-20T09:04:58.500Z === MCP server 启动 (pid 23680) ===
2026-08-20T09:04:58.510Z msg: {"method":"initialize","params":{"protocolVersion":"2025-11-25","capabilities":{"sampling":{"tools":{}},"elicitation":{"form":{},"url":{}}},"clientInfo":{"name":"mcp","version":"0.1.0"}},"jsonrpc":"2.
2026-08-20T09:04:58.511Z >> {"jsonrpc":"2.0","id":0,"result":{"protocolVersion":"2024-11-05","capabilities":{"tools":{}},"serverInfo":{"name":"agentfarm2-game","version":"0.1.0"}}}
2026-08-20T09:05:01.028Z === MCP server 启动 (pid 15116) ===
2026-08-20T09:05:01.036Z msg: {"method":"initialize","params":{"protocolVersion":"2025-11-25","capabilities":{"sampling":{"tools":{}},"elicitation":{"form":{},"url":{}}},"clientInfo":{"name":"mcp","version":"0.1.0"}},"jsonrpc":"2.
2026-08-20T09:05:01.037Z >> {"jsonrpc":"2.0","id":0,"result":{"protocolVersion":"2024-11-05","capabilities":{"tools":{}},"serverInfo":{"name":"agentfarm2-game","version":"0.1.0"}}}
2026-08-20T09:05:04.942Z === MCP server 启动 (pid 25980) ===
2026-08-20T09:05:04.951Z msg: {"method":"initialize","params":{"protocolVersion":"2025-11-25","capabilities":{"sampling":{"tools":{}},"elicitation":{"form":{},"url":{}}},"clientInfo":{"name":"mcp","version":"0.1.0"}},"jsonrpc":"2.
2026-08-20T09:05:04.952Z >> {"jsonrpc":"2.0","id":0,"result":{"protocolVersion":"2024-11-05","capabilities":{"tools":{}},"serverInfo":{"name":"agentfarm2-game","version":"0.1.0"}}}
2026-08-20T09:10:05.281Z === MCP server 启动 (pid 35208) ===
2026-08-20T09:10:05.292Z msg: {"method":"initialize","params":{"protocolVersion":"2025-11-25","capabilities":{"sampling":{"tools":{}},"elicitation":{"form":{},"url":{}}},"clientInfo":{"name":"mcp","version":"0.1.0"}},"jsonrpc":"2.
2026-08-20T09:10:05.293Z >> {"jsonrpc":"2.0","id":0,"result":{"protocolVersion":"2024-11-05","capabilities":{"tools":{}},"serverInfo":{"name":"agentfarm2-game","version":"0.1.0"}}}
2026-08-20T09:10:06.754Z === MCP server 启动 (pid 19048) ===
2026-08-20T09:10:06.765Z msg: {"method":"initialize","params":{"protocolVersion":"2025-11-25","capabilities":{"sampling":{"tools":{}},"elicitation":{"form":{},"url":{}}},"clientInfo":{"name":"mcp","version":"0.1.0"}},"jsonrpc":"2.
2026-08-20T09:10:06.767Z >> {"jsonrpc":"2.0","id":0,"result":{"protocolVersion":"2024-11-05","capabilities":{"tools":{}},"serverInfo":{"name":"agentfarm2-game","version":"0.1.0"}}}
2026-08-20T09:10:09.510Z === MCP server 启动 (pid 14588) ===
2026-08-20T09:10:09.521Z msg: {"method":"initialize","params":{"protocolVersion":"2025-11-25","capabilities":{"sampling":{"tools":{}},"elicitation":{"form":{},"url":{}}},"clientInfo":{"name":"mcp","version":"0.1.0"}},"jsonrpc":"2.
2026-08-20T09:10:09.522Z >> {"jsonrpc":"2.0","id":0,"result":{"protocolVersion":"2024-11-05","capabilities":{"tools":{}},"serverInfo":{"name":"agentfarm2-game","version":"0.1.0"}}}
2026-08-20T09:10:13.267Z === MCP server 启动 (pid 15808) ===
2026-08-20T09:10:13.281Z msg: {"method":"initialize","params":{"protocolVersion":"2025-11-25","capabilities":{"sampling":{"tools":{}},"elicitation":{"form":{},"url":{}}},"clientInfo":{"name":"mcp","version":"0.1.0"}},"jsonrpc":"2.
2026-08-20T09:10:13.282Z >> {"jsonrpc":"2.0","id":0,"result":{"protocolVersion":"2024-11-05","capabilities":{"tools":{}},"serverInfo":{"name":"agentfarm2-game","version":"0.1.0"}}}
2026-08-20T09:15:13.689Z === MCP server 启动 (pid 14912) ===
2026-08-20T09:15:13.705Z msg: {"method":"initialize","params":{"protocolVersion":"2025-11-25","capabilities":{"sampling":{"tools":{}},"elicitation":{"form":{},"url":{}}},"clientInfo":{"name":"mcp","version":"0.1.0"}},"jsonrpc":"2.
2026-08-20T09:15:13.706Z >> {"jsonrpc":"2.0","id":0,"result":{"protocolVersion":"2024-11-05","capabilities":{"tools":{}},"serverInfo":{"name":"agentfarm2-game","version":"0.1.0"}}}
2026-08-20T09:15:13.711Z msg: {"method":"notifications/initialized","jsonrpc":"2.0"}
2026-08-20T09:15:13.713Z msg: {"method":"tools/list","jsonrpc":"2.0","id":1}
2026-08-20T09:15:13.713Z >> {"jsonrpc":"2.0","id":1,"result":{"tools":[{"name":"game_observe","description":"查看当前游戏世界状态：场景/位置/天数/时间/天气/金币/背包物品/NPC好感/在线玩家。返回 JSON。","inputSchema":{"type":"o
2026-08-20T09:18:13.986Z === MCP server 启动 (pid 36312) ===
2026-08-20T09:18:14.001Z msg: {"method":"initialize","params":{"protocolVersion":"2025-11-25","capabilities":{"sampling":{"tools":{}},"elicitation":{"form":{},"url":{}}},"clientInfo":{"name":"mcp","version":"0.1.0"}},"jsonrpc":"2.
2026-08-20T09:18:14.002Z >> {"jsonrpc":"2.0","id":0,"result":{"protocolVersion":"2024-11-05","capabilities":{"tools":{}},"serverInfo":{"name":"agentfarm2-game","version":"0.1.0"}}}
2026-08-20T09:18:15.553Z === MCP server 启动 (pid 23496) ===
2026-08-20T09:18:15.565Z msg: {"method":"initialize","params":{"protocolVersion":"2025-11-25","capabilities":{"sampling":{"tools":{}},"elicitation":{"form":{},"url":{}}},"clientInfo":{"name":"mcp","version":"0.1.0"}},"jsonrpc":"2.
2026-08-20T09:18:15.566Z >> {"jsonrpc":"2.0","id":0,"result":{"protocolVersion":"2024-11-05","capabilities":{"tools":{}},"serverInfo":{"name":"agentfarm2-game","version":"0.1.0"}}}
2026-08-20T09:18:18.187Z === MCP server 启动 (pid 36852) ===
2026-08-20T09:18:18.202Z msg: {"method":"initialize","params":{"protocolVersion":"2025-11-25","capabilities":{"sampling":{"tools":{}},"elicitation":{"form":{},"url":{}}},"clientInfo":{"name":"mcp","version":"0.1.0"}},"jsonrpc":"2.
2026-08-20T09:18:18.203Z >> {"jsonrpc":"2.0","id":0,"result":{"protocolVersion":"2024-11-05","capabilities":{"tools":{}},"serverInfo":{"name":"agentfarm2-game","version":"0.1.0"}}}
2026-08-20T09:18:23.095Z === MCP server 启动 (pid 18912) ===
2026-08-20T09:18:23.109Z msg: {"method":"initialize","params":{"protocolVersion":"2025-11-25","capabilities":{"sampling":{"tools":{}},"elicitation":{"form":{},"url":{}}},"clientInfo":{"name":"mcp","version":"0.1.0"}},"jsonrpc":"2.
2026-08-20T09:18:23.111Z >> {"jsonrpc":"2.0","id":0,"result":{"protocolVersion":"2024-11-05","capabilities":{"tools":{}},"serverInfo":{"name":"agentfarm2-game","version":"0.1.0"}}}
2026-08-20T09:23:23.618Z === MCP server 启动 (pid 34804) ===
2026-08-20T09:23:23.652Z msg: {"method":"initialize","params":{"protocolVersion":"2025-11-25","capabilities":{"sampling":{"tools":{}},"elicitation":{"form":{},"url":{}}},"clientInfo":{"name":"mcp","version":"0.1.0"}},"jsonrpc":"2.
2026-08-20T09:23:23.654Z >> {"jsonrpc":"2.0","id":0,"result":{"protocolVersion":"2024-11-05","capabilities":{"tools":{}},"serverInfo":{"name":"agentfarm2-game","version":"0.1.0"}}}
2026-08-20T09:23:25.187Z === MCP server 启动 (pid 31756) ===
2026-08-20T09:23:25.202Z msg: {"method":"initialize","params":{"protocolVersion":"2025-11-25","capabilities":{"sampling":{"tools":{}},"elicitation":{"form":{},"url":{}}},"clientInfo":{"name":"mcp","version":"0.1.0"}},"jsonrpc":"2.
2026-08-20T09:23:25.204Z >> {"jsonrpc":"2.0","id":0,"result":{"protocolVersion":"2024-11-05","capabilities":{"tools":{}},"serverInfo":{"name":"agentfarm2-game","version":"0.1.0"}}}
2026-08-20T09:23:27.921Z === MCP server 启动 (pid 27564) ===
2026-08-20T09:23:27.945Z msg: {"method":"initialize","params":{"protocolVersion":"2025-11-25","capabilities":{"sampling":{"tools":{}},"elicitation":{"form":{},"url":{}}},"clientInfo":{"name":"mcp","version":"0.1.0"}},"jsonrpc":"2.
2026-08-20T09:23:27.947Z >> {"jsonrpc":"2.0","id":0,"result":{"protocolVersion":"2024-11-05","capabilities":{"tools":{}},"serverInfo":{"name":"agentfarm2-game","version":"0.1.0"}}}
2026-08-20T09:23:32.677Z === MCP server 启动 (pid 38068) ===
2026-08-20T09:23:32.711Z msg: {"method":"initialize","params":{"protocolVersion":"2025-11-25","capabilities":{"sampling":{"tools":{}},"elicitation":{"form":{},"url":{}}},"clientInfo":{"name":"mcp","version":"0.1.0"}},"jsonrpc":"2.
2026-08-20T09:23:32.713Z >> {"jsonrpc":"2.0","id":0,"result":{"protocolVersion":"2024-11-05","capabilities":{"tools":{}},"serverInfo":{"name":"agentfarm2-game","version":"0.1.0"}}}
2026-08-20T09:28:33.306Z === MCP server 启动 (pid 28316) ===
2026-08-20T09:28:33.328Z msg: {"method":"initialize","params":{"protocolVersion":"2025-11-25","capabilities":{"sampling":{"tools":{}},"elicitation":{"form":{},"url":{}}},"clientInfo":{"name":"mcp","version":"0.1.0"}},"jsonrpc":"2.
2026-08-20T09:28:33.329Z >> {"jsonrpc":"2.0","id":0,"result":{"protocolVersion":"2024-11-05","capabilities":{"tools":{}},"serverInfo":{"name":"agentfarm2-game","version":"0.1.0"}}}
2026-08-20T09:28:34.695Z === MCP server 启动 (pid 29944) ===
2026-08-20T09:28:34.710Z msg: {"method":"initialize","params":{"protocolVersion":"2025-11-25","capabilities":{"sampling":{"tools":{}},"elicitation":{"form":{},"url":{}}},"clientInfo":{"name":"mcp","version":"0.1.0"}},"jsonrpc":"2.
2026-08-20T09:28:34.711Z >> {"jsonrpc":"2.0","id":0,"result":{"protocolVersion":"2024-11-05","capabilities":{"tools":{}},"serverInfo":{"name":"agentfarm2-game","version":"0.1.0"}}}
2026-08-20T09:28:37.412Z === MCP server 启动 (pid 27692) ===
2026-08-20T09:28:37.427Z msg: {"method":"initialize","params":{"protocolVersion":"2025-11-25","capabilities":{"sampling":{"tools":{}},"elicitation":{"form":{},"url":{}}},"clientInfo":{"name":"mcp","version":"0.1.0"}},"jsonrpc":"2.
2026-08-20T09:28:37.428Z >> {"jsonrpc":"2.0","id":0,"result":{"protocolVersion":"2024-11-05","capabilities":{"tools":{}},"serverInfo":{"name":"agentfarm2-game","version":"0.1.0"}}}
2026-08-20T09:28:41.464Z === MCP server 启动 (pid 30784) ===
2026-08-20T09:28:41.474Z msg: {"method":"initialize","params":{"protocolVersion":"2025-11-25","capabilities":{"sampling":{"tools":{}},"elicitation":{"form":{},"url":{}}},"clientInfo":{"name":"mcp","version":"0.1.0"}},"jsonrpc":"2.
2026-08-20T09:28:41.475Z >> {"jsonrpc":"2.0","id":0,"result":{"protocolVersion":"2024-11-05","capabilities":{"tools":{}},"serverInfo":{"name":"agentfarm2-game","version":"0.1.0"}}}
2026-08-20T09:33:42.549Z === MCP server 启动 (pid 17116) ===
2026-08-20T09:33:42.570Z msg: {"method":"initialize","params":{"protocolVersion":"2025-11-25","capabilities":{"sampling":{"tools":{}},"elicitation":{"form":{},"url":{}}},"clientInfo":{"name":"mcp","version":"0.1.0"}},"jsonrpc":"2.
2026-08-20T09:33:42.571Z >> {"jsonrpc":"2.0","id":0,"result":{"protocolVersion":"2024-11-05","capabilities":{"tools":{}},"serverInfo":{"name":"agentfarm2-game","version":"0.1.0"}}}
2026-08-20T09:33:43.799Z === MCP server 启动 (pid 36892) ===
2026-08-20T09:33:43.809Z msg: {"method":"initialize","params":{"protocolVersion":"2025-11-25","capabilities":{"sampling":{"tools":{}},"elicitation":{"form":{},"url":{}}},"clientInfo":{"name":"mcp","version":"0.1.0"}},"jsonrpc":"2.
2026-08-20T09:33:43.810Z >> {"jsonrpc":"2.0","id":0,"result":{"protocolVersion":"2024-11-05","capabilities":{"tools":{}},"serverInfo":{"name":"agentfarm2-game","version":"0.1.0"}}}
2026-08-20T09:33:46.257Z === MCP server 启动 (pid 37060) ===
2026-08-20T09:33:46.271Z msg: {"method":"initialize","params":{"protocolVersion":"2025-11-25","capabilities":{"sampling":{"tools":{}},"elicitation":{"form":{},"url":{}}},"clientInfo":{"name":"mcp","version":"0.1.0"}},"jsonrpc":"2.
2026-08-20T09:33:46.272Z >> {"jsonrpc":"2.0","id":0,"result":{"protocolVersion":"2024-11-05","capabilities":{"tools":{}},"serverInfo":{"name":"agentfarm2-game","version":"0.1.0"}}}
2026-08-20T09:33:50.069Z === MCP server 启动 (pid 38968) ===
2026-08-20T09:33:50.082Z msg: {"method":"initialize","params":{"protocolVersion":"2025-11-25","capabilities":{"sampling":{"tools":{}},"elicitation":{"form":{},"url":{}}},"clientInfo":{"name":"mcp","version":"0.1.0"}},"jsonrpc":"2.
2026-08-20T09:33:50.084Z >> {"jsonrpc":"2.0","id":0,"result":{"protocolVersion":"2024-11-05","capabilities":{"tools":{}},"serverInfo":{"name":"agentfarm2-game","version":"0.1.0"}}}
2026-08-20T09:38:50.385Z === MCP server 启动 (pid 25264) ===
2026-08-20T09:38:50.394Z msg: {"method":"initialize","params":{"protocolVersion":"2025-11-25","capabilities":{"sampling":{"tools":{}},"elicitation":{"form":{},"url":{}}},"clientInfo":{"name":"mcp","version":"0.1.0"}},"jsonrpc":"2.
2026-08-20T09:38:50.395Z >> {"jsonrpc":"2.0","id":0,"result":{"protocolVersion":"2024-11-05","capabilities":{"tools":{}},"serverInfo":{"name":"agentfarm2-game","version":"0.1.0"}}}
2026-08-20T09:38:51.615Z === MCP server 启动 (pid 9888) ===
2026-08-20T09:38:51.624Z msg: {"method":"initialize","params":{"protocolVersion":"2025-11-25","capabilities":{"sampling":{"tools":{}},"elicitation":{"form":{},"url":{}}},"clientInfo":{"name":"mcp","version":"0.1.0"}},"jsonrpc":"2.
2026-08-20T09:38:51.625Z >> {"jsonrpc":"2.0","id":0,"result":{"protocolVersion":"2024-11-05","capabilities":{"tools":{}},"serverInfo":{"name":"agentfarm2-game","version":"0.1.0"}}}
2026-08-20T09:38:54.206Z === MCP server 启动 (pid 6504) ===
2026-08-20T09:38:54.215Z msg: {"method":"initialize","params":{"protocolVersion":"2025-11-25","capabilities":{"sampling":{"tools":{}},"elicitation":{"form":{},"url":{}}},"clientInfo":{"name":"mcp","version":"0.1.0"}},"jsonrpc":"2.
2026-08-20T09:38:54.216Z >> {"jsonrpc":"2.0","id":0,"result":{"protocolVersion":"2024-11-05","capabilities":{"tools":{}},"serverInfo":{"name":"agentfarm2-game","version":"0.1.0"}}}
2026-08-20T09:38:58.289Z === MCP server 启动 (pid 36204) ===
2026-08-20T09:38:58.297Z msg: {"method":"initialize","params":{"protocolVersion":"2025-11-25","capabilities":{"sampling":{"tools":{}},"elicitation":{"form":{},"url":{}}},"clientInfo":{"name":"mcp","version":"0.1.0"}},"jsonrpc":"2.
2026-08-20T09:38:58.298Z >> {"jsonrpc":"2.0","id":0,"result":{"protocolVersion":"2024-11-05","capabilities":{"tools":{}},"serverInfo":{"name":"agentfarm2-game","version":"0.1.0"}}}
2026-08-20T09:43:58.553Z === MCP server 启动 (pid 38968) ===
2026-08-20T09:43:58.560Z msg: {"method":"initialize","params":{"protocolVersion":"2025-11-25","capabilities":{"sampling":{"tools":{}},"elicitation":{"form":{},"url":{}}},"clientInfo":{"name":"mcp","version":"0.1.0"}},"jsonrpc":"2.
2026-08-20T09:43:58.561Z >> {"jsonrpc":"2.0","id":0,"result":{"protocolVersion":"2024-11-05","capabilities":{"tools":{}},"serverInfo":{"name":"agentfarm2-game","version":"0.1.0"}}}
2026-08-20T09:44:00.007Z === MCP server 启动 (pid 12052) ===
2026-08-20T09:44:00.015Z msg: {"method":"initialize","params":{"protocolVersion":"2025-11-25","capabilities":{"sampling":{"tools":{}},"elicitation":{"form":{},"url":{}}},"clientInfo":{"name":"mcp","version":"0.1.0"}},"jsonrpc":"2.
2026-08-20T09:44:00.015Z >> {"jsonrpc":"2.0","id":0,"result":{"protocolVersion":"2024-11-05","capabilities":{"tools":{}},"serverInfo":{"name":"agentfarm2-game","version":"0.1.0"}}}
2026-08-20T09:44:02.062Z === MCP server 启动 (pid 32664) ===
2026-08-20T09:44:02.069Z msg: {"method":"initialize","params":{"protocolVersion":"2025-11-25","capabilities":{"sampling":{"tools":{}},"elicitation":{"form":{},"url":{}}},"clientInfo":{"name":"mcp","version":"0.1.0"}},"jsonrpc":"2.
2026-08-20T09:44:02.070Z >> {"jsonrpc":"2.0","id":0,"result":{"protocolVersion":"2024-11-05","capabilities":{"tools":{}},"serverInfo":{"name":"agentfarm2-game","version":"0.1.0"}}}
2026-08-20T09:44:05.845Z === MCP server 启动 (pid 29824) ===
2026-08-20T09:44:05.852Z msg: {"method":"initialize","params":{"protocolVersion":"2025-11-25","capabilities":{"sampling":{"tools":{}},"elicitation":{"form":{},"url":{}}},"clientInfo":{"name":"mcp","version":"0.1.0"}},"jsonrpc":"2.
2026-08-20T09:44:05.853Z >> {"jsonrpc":"2.0","id":0,"result":{"protocolVersion":"2024-11-05","capabilities":{"tools":{}},"serverInfo":{"name":"agentfarm2-game","version":"0.1.0"}}}
2026-08-20T09:49:06.140Z === MCP server 启动 (pid 17420) ===
2026-08-20T09:49:06.147Z msg: {"method":"initialize","params":{"protocolVersion":"2025-11-25","capabilities":{"sampling":{"tools":{}},"elicitation":{"form":{},"url":{}}},"clientInfo":{"name":"mcp","version":"0.1.0"}},"jsonrpc":"2.
2026-08-20T09:49:06.148Z >> {"jsonrpc":"2.0","id":0,"result":{"protocolVersion":"2024-11-05","capabilities":{"tools":{}},"serverInfo":{"name":"agentfarm2-game","version":"0.1.0"}}}
2026-08-20T09:49:07.400Z === MCP server 启动 (pid 20068) ===
2026-08-20T09:49:07.407Z msg: {"method":"initialize","params":{"protocolVersion":"2025-11-25","capabilities":{"sampling":{"tools":{}},"elicitation":{"form":{},"url":{}}},"clientInfo":{"name":"mcp","version":"0.1.0"}},"jsonrpc":"2.
2026-08-20T09:49:07.408Z >> {"jsonrpc":"2.0","id":0,"result":{"protocolVersion":"2024-11-05","capabilities":{"tools":{}},"serverInfo":{"name":"agentfarm2-game","version":"0.1.0"}}}
2026-08-20T09:49:09.612Z === MCP server 启动 (pid 31412) ===
2026-08-20T09:49:09.619Z msg: {"method":"initialize","params":{"protocolVersion":"2025-11-25","capabilities":{"sampling":{"tools":{}},"elicitation":{"form":{},"url":{}}},"clientInfo":{"name":"mcp","version":"0.1.0"}},"jsonrpc":"2.
2026-08-20T09:49:09.619Z >> {"jsonrpc":"2.0","id":0,"result":{"protocolVersion":"2024-11-05","capabilities":{"tools":{}},"serverInfo":{"name":"agentfarm2-game","version":"0.1.0"}}}
2026-08-20T09:49:13.560Z === MCP server 启动 (pid 15892) ===
2026-08-20T09:49:13.567Z msg: {"method":"initialize","params":{"protocolVersion":"2025-11-25","capabilities":{"sampling":{"tools":{}},"elicitation":{"form":{},"url":{}}},"clientInfo":{"name":"mcp","version":"0.1.0"}},"jsonrpc":"2.
2026-08-20T09:49:13.568Z >> {"jsonrpc":"2.0","id":0,"result":{"protocolVersion":"2024-11-05","capabilities":{"tools":{}},"serverInfo":{"name":"agentfarm2-game","version":"0.1.0"}}}
2026-08-20T09:54:13.835Z === MCP server 启动 (pid 5572) ===
2026-08-20T09:54:13.843Z msg: {"method":"initialize","params":{"protocolVersion":"2025-11-25","capabilities":{"sampling":{"tools":{}},"elicitation":{"form":{},"url":{}}},"clientInfo":{"name":"mcp","version":"0.1.0"}},"jsonrpc":"2.
2026-08-20T09:54:13.844Z >> {"jsonrpc":"2.0","id":0,"result":{"protocolVersion":"2024-11-05","capabilities":{"tools":{}},"serverInfo":{"name":"agentfarm2-game","version":"0.1.0"}}}
2026-08-20T09:54:15.040Z === MCP server 启动 (pid 24832) ===
2026-08-20T09:54:15.048Z msg: {"method":"initialize","params":{"protocolVersion":"2025-11-25","capabilities":{"sampling":{"tools":{}},"elicitation":{"form":{},"url":{}}},"clientInfo":{"name":"mcp","version":"0.1.0"}},"jsonrpc":"2.
2026-08-20T09:54:15.048Z >> {"jsonrpc":"2.0","id":0,"result":{"protocolVersion":"2024-11-05","capabilities":{"tools":{}},"serverInfo":{"name":"agentfarm2-game","version":"0.1.0"}}}
2026-08-20T09:54:17.379Z === MCP server 启动 (pid 36232) ===
2026-08-20T09:54:17.387Z msg: {"method":"initialize","params":{"protocolVersion":"2025-11-25","capabilities":{"sampling":{"tools":{}},"elicitation":{"form":{},"url":{}}},"clientInfo":{"name":"mcp","version":"0.1.0"}},"jsonrpc":"2.
2026-08-20T09:54:17.388Z >> {"jsonrpc":"2.0","id":0,"result":{"protocolVersion":"2024-11-05","capabilities":{"tools":{}},"serverInfo":{"name":"agentfarm2-game","version":"0.1.0"}}}
2026-08-20T09:54:21.045Z === MCP server 启动 (pid 31136) ===
2026-08-20T09:54:21.052Z msg: {"method":"initialize","params":{"protocolVersion":"2025-11-25","capabilities":{"sampling":{"tools":{}},"elicitation":{"form":{},"url":{}}},"clientInfo":{"name":"mcp","version":"0.1.0"}},"jsonrpc":"2.
2026-08-20T09:54:21.053Z >> {"jsonrpc":"2.0","id":0,"result":{"protocolVersion":"2024-11-05","capabilities":{"tools":{}},"serverInfo":{"name":"agentfarm2-game","version":"0.1.0"}}}
2026-08-20T09:59:21.313Z === MCP server 启动 (pid 30832) ===
2026-08-20T09:59:21.321Z msg: {"method":"initialize","params":{"protocolVersion":"2025-11-25","capabilities":{"sampling":{"tools":{}},"elicitation":{"form":{},"url":{}}},"clientInfo":{"name":"mcp","version":"0.1.0"}},"jsonrpc":"2.
2026-08-20T09:59:21.322Z >> {"jsonrpc":"2.0","id":0,"result":{"protocolVersion":"2024-11-05","capabilities":{"tools":{}},"serverInfo":{"name":"agentfarm2-game","version":"0.1.0"}}}
2026-08-20T09:59:22.508Z === MCP server 启动 (pid 34812) ===
2026-08-20T09:59:22.516Z msg: {"method":"initialize","params":{"protocolVersion":"2025-11-25","capabilities":{"sampling":{"tools":{}},"elicitation":{"form":{},"url":{}}},"clientInfo":{"name":"mcp","version":"0.1.0"}},"jsonrpc":"2.
2026-08-20T09:59:22.516Z >> {"jsonrpc":"2.0","id":0,"result":{"protocolVersion":"2024-11-05","capabilities":{"tools":{}},"serverInfo":{"name":"agentfarm2-game","version":"0.1.0"}}}
2026-08-20T09:59:22.559Z msg: {"method":"notifications/initialized","jsonrpc":"2.0"}
2026-08-20T09:59:22.560Z msg: {"method":"tools/list","jsonrpc":"2.0","id":1}
2026-08-20T09:59:22.560Z >> {"jsonrpc":"2.0","id":1,"result":{"tools":[{"name":"game_observe","description":"查看当前游戏世界状态：场景/位置/天数/时间/天气/金币/背包物品/NPC好感/在线玩家。返回 JSON。","inputSchema":{"type":"o
2026-08-20T10:02:22.894Z === MCP server 启动 (pid 14856) ===
2026-08-20T10:02:22.903Z msg: {"method":"initialize","params":{"protocolVersion":"2025-11-25","capabilities":{"sampling":{"tools":{}},"elicitation":{"form":{},"url":{}}},"clientInfo":{"name":"mcp","version":"0.1.0"}},"jsonrpc":"2.
2026-08-20T10:02:22.903Z >> {"jsonrpc":"2.0","id":0,"result":{"protocolVersion":"2024-11-05","capabilities":{"tools":{}},"serverInfo":{"name":"agentfarm2-game","version":"0.1.0"}}}
2026-08-20T10:02:25.173Z === MCP server 启动 (pid 37972) ===
2026-08-20T10:02:25.182Z msg: {"method":"initialize","params":{"protocolVersion":"2025-11-25","capabilities":{"sampling":{"tools":{}},"elicitation":{"form":{},"url":{}}},"clientInfo":{"name":"mcp","version":"0.1.0"}},"jsonrpc":"2.
2026-08-20T10:02:25.182Z >> {"jsonrpc":"2.0","id":0,"result":{"protocolVersion":"2024-11-05","capabilities":{"tools":{}},"serverInfo":{"name":"agentfarm2-game","version":"0.1.0"}}}
2026-08-20T10:02:30.027Z === MCP server 启动 (pid 9016) ===
2026-08-20T10:02:30.035Z msg: {"method":"initialize","params":{"protocolVersion":"2025-11-25","capabilities":{"sampling":{"tools":{}},"elicitation":{"form":{},"url":{}}},"clientInfo":{"name":"mcp","version":"0.1.0"}},"jsonrpc":"2.
2026-08-20T10:02:30.035Z >> {"jsonrpc":"2.0","id":0,"result":{"protocolVersion":"2024-11-05","capabilities":{"tools":{}},"serverInfo":{"name":"agentfarm2-game","version":"0.1.0"}}}
2026-08-20T10:07:30.314Z === MCP server 启动 (pid 21304) ===
2026-08-20T10:07:30.321Z msg: {"method":"initialize","params":{"protocolVersion":"2025-11-25","capabilities":{"sampling":{"tools":{}},"elicitation":{"form":{},"url":{}}},"clientInfo":{"name":"mcp","version":"0.1.0"}},"jsonrpc":"2.
2026-08-20T10:07:30.322Z >> {"jsonrpc":"2.0","id":0,"result":{"protocolVersion":"2024-11-05","capabilities":{"tools":{}},"serverInfo":{"name":"agentfarm2-game","version":"0.1.0"}}}
2026-08-20T10:07:31.511Z === MCP server 启动 (pid 9784) ===
2026-08-20T10:07:31.519Z msg: {"method":"initialize","params":{"protocolVersion":"2025-11-25","capabilities":{"sampling":{"tools":{}},"elicitation":{"form":{},"url":{}}},"clientInfo":{"name":"mcp","version":"0.1.0"}},"jsonrpc":"2.
2026-08-20T10:07:31.520Z >> {"jsonrpc":"2.0","id":0,"result":{"protocolVersion":"2024-11-05","capabilities":{"tools":{}},"serverInfo":{"name":"agentfarm2-game","version":"0.1.0"}}}
2026-08-20T10:07:34.069Z === MCP server 启动 (pid 36480) ===
2026-08-20T10:07:34.076Z msg: {"method":"initialize","params":{"protocolVersion":"2025-11-25","capabilities":{"sampling":{"tools":{}},"elicitation":{"form":{},"url":{}}},"clientInfo":{"name":"mcp","version":"0.1.0"}},"jsonrpc":"2.
2026-08-20T10:07:34.077Z >> {"jsonrpc":"2.0","id":0,"result":{"protocolVersion":"2024-11-05","capabilities":{"tools":{}},"serverInfo":{"name":"agentfarm2-game","version":"0.1.0"}}}
2026-08-20T10:07:38.838Z === MCP server 启动 (pid 15008) ===
2026-08-20T10:07:38.846Z msg: {"method":"initialize","params":{"protocolVersion":"2025-11-25","capabilities":{"sampling":{"tools":{}},"elicitation":{"form":{},"url":{}}},"clientInfo":{"name":"mcp","version":"0.1.0"}},"jsonrpc":"2.
2026-08-20T10:07:38.846Z >> {"jsonrpc":"2.0","id":0,"result":{"protocolVersion":"2024-11-05","capabilities":{"tools":{}},"serverInfo":{"name":"agentfarm2-game","version":"0.1.0"}}}
2026-08-20T10:12:39.103Z === MCP server 启动 (pid 16660) ===
2026-08-20T10:12:39.110Z msg: {"method":"initialize","params":{"protocolVersion":"2025-11-25","capabilities":{"sampling":{"tools":{}},"elicitation":{"form":{},"url":{}}},"clientInfo":{"name":"mcp","version":"0.1.0"}},"jsonrpc":"2.
2026-08-20T10:12:39.111Z >> {"jsonrpc":"2.0","id":0,"result":{"protocolVersion":"2024-11-05","capabilities":{"tools":{}},"serverInfo":{"name":"agentfarm2-game","version":"0.1.0"}}}
2026-08-20T10:12:40.231Z === MCP server 启动 (pid 30868) ===
2026-08-20T10:12:40.239Z msg: {"method":"initialize","params":{"protocolVersion":"2025-11-25","capabilities":{"sampling":{"tools":{}},"elicitation":{"form":{},"url":{}}},"clientInfo":{"name":"mcp","version":"0.1.0"}},"jsonrpc":"2.
2026-08-20T10:12:40.240Z >> {"jsonrpc":"2.0","id":0,"result":{"protocolVersion":"2024-11-05","capabilities":{"tools":{}},"serverInfo":{"name":"agentfarm2-game","version":"0.1.0"}}}
2026-08-20T10:12:42.124Z === MCP server 启动 (pid 18804) ===
2026-08-20T10:12:42.133Z msg: {"method":"initialize","params":{"protocolVersion":"2025-11-25","capabilities":{"sampling":{"tools":{}},"elicitation":{"form":{},"url":{}}},"clientInfo":{"name":"mcp","version":"0.1.0"}},"jsonrpc":"2.
2026-08-20T10:12:42.134Z >> {"jsonrpc":"2.0","id":0,"result":{"protocolVersion":"2024-11-05","capabilities":{"tools":{}},"serverInfo":{"name":"agentfarm2-game","version":"0.1.0"}}}
2026-08-20T10:12:46.772Z === MCP server 启动 (pid 28204) ===
2026-08-20T10:12:46.779Z msg: {"method":"initialize","params":{"protocolVersion":"2025-11-25","capabilities":{"sampling":{"tools":{}},"elicitation":{"form":{},"url":{}}},"clientInfo":{"name":"mcp","version":"0.1.0"}},"jsonrpc":"2.
2026-08-20T10:12:46.780Z >> {"jsonrpc":"2.0","id":0,"result":{"protocolVersion":"2024-11-05","capabilities":{"tools":{}},"serverInfo":{"name":"agentfarm2-game","version":"0.1.0"}}}
2026-08-20T10:17:47.067Z === MCP server 启动 (pid 3752) ===
2026-08-20T10:17:47.076Z msg: {"method":"initialize","params":{"protocolVersion":"2025-11-25","capabilities":{"sampling":{"tools":{}},"elicitation":{"form":{},"url":{}}},"clientInfo":{"name":"mcp","version":"0.1.0"}},"jsonrpc":"2.
2026-08-20T10:17:47.077Z >> {"jsonrpc":"2.0","id":0,"result":{"protocolVersion":"2024-11-05","capabilities":{"tools":{}},"serverInfo":{"name":"agentfarm2-game","version":"0.1.0"}}}
2026-08-20T10:17:48.329Z === MCP server 启动 (pid 38584) ===
2026-08-20T10:17:48.336Z msg: {"method":"initialize","params":{"protocolVersion":"2025-11-25","capabilities":{"sampling":{"tools":{}},"elicitation":{"form":{},"url":{}}},"clientInfo":{"name":"mcp","version":"0.1.0"}},"jsonrpc":"2.
2026-08-20T10:17:48.337Z >> {"jsonrpc":"2.0","id":0,"result":{"protocolVersion":"2024-11-05","capabilities":{"tools":{}},"serverInfo":{"name":"agentfarm2-game","version":"0.1.0"}}}
2026-08-20T10:17:50.734Z === MCP server 启动 (pid 32352) ===
2026-08-20T10:17:50.742Z msg: {"method":"initialize","params":{"protocolVersion":"2025-11-25","capabilities":{"sampling":{"tools":{}},"elicitation":{"form":{},"url":{}}},"clientInfo":{"name":"mcp","version":"0.1.0"}},"jsonrpc":"2.
2026-08-20T10:17:50.743Z >> {"jsonrpc":"2.0","id":0,"result":{"protocolVersion":"2024-11-05","capabilities":{"tools":{}},"serverInfo":{"name":"agentfarm2-game","version":"0.1.0"}}}
2026-08-20T10:17:54.801Z === MCP server 启动 (pid 19236) ===
2026-08-20T10:17:54.808Z msg: {"method":"initialize","params":{"protocolVersion":"2025-11-25","capabilities":{"sampling":{"tools":{}},"elicitation":{"form":{},"url":{}}},"clientInfo":{"name":"mcp","version":"0.1.0"}},"jsonrpc":"2.
2026-08-20T10:17:54.809Z >> {"jsonrpc":"2.0","id":0,"result":{"protocolVersion":"2024-11-05","capabilities":{"tools":{}},"serverInfo":{"name":"agentfarm2-game","version":"0.1.0"}}}
2026-08-20T10:22:55.077Z === MCP server 启动 (pid 24036) ===
2026-08-20T10:22:55.085Z msg: {"method":"initialize","params":{"protocolVersion":"2025-11-25","capabilities":{"sampling":{"tools":{}},"elicitation":{"form":{},"url":{}}},"clientInfo":{"name":"mcp","version":"0.1.0"}},"jsonrpc":"2.
2026-08-20T10:22:55.086Z >> {"jsonrpc":"2.0","id":0,"result":{"protocolVersion":"2024-11-05","capabilities":{"tools":{}},"serverInfo":{"name":"agentfarm2-game","version":"0.1.0"}}}
2026-08-20T10:22:56.289Z === MCP server 启动 (pid 21332) ===
2026-08-20T10:22:56.297Z msg: {"method":"initialize","params":{"protocolVersion":"2025-11-25","capabilities":{"sampling":{"tools":{}},"elicitation":{"form":{},"url":{}}},"clientInfo":{"name":"mcp","version":"0.1.0"}},"jsonrpc":"2.
2026-08-20T10:22:56.297Z >> {"jsonrpc":"2.0","id":0,"result":{"protocolVersion":"2024-11-05","capabilities":{"tools":{}},"serverInfo":{"name":"agentfarm2-game","version":"0.1.0"}}}
2026-08-20T10:22:58.231Z === MCP server 启动 (pid 19280) ===
2026-08-20T10:22:58.239Z msg: {"method":"initialize","params":{"protocolVersion":"2025-11-25","capabilities":{"sampling":{"tools":{}},"elicitation":{"form":{},"url":{}}},"clientInfo":{"name":"mcp","version":"0.1.0"}},"jsonrpc":"2.
2026-08-20T10:22:58.239Z >> {"jsonrpc":"2.0","id":0,"result":{"protocolVersion":"2024-11-05","capabilities":{"tools":{}},"serverInfo":{"name":"agentfarm2-game","version":"0.1.0"}}}
2026-08-20T10:23:02.136Z === MCP server 启动 (pid 39848) ===
2026-08-20T10:23:02.143Z msg: {"method":"initialize","params":{"protocolVersion":"2025-11-25","capabilities":{"sampling":{"tools":{}},"elicitation":{"form":{},"url":{}}},"clientInfo":{"name":"mcp","version":"0.1.0"}},"jsonrpc":"2.
2026-08-20T10:23:02.144Z >> {"jsonrpc":"2.0","id":0,"result":{"protocolVersion":"2024-11-05","capabilities":{"tools":{}},"serverInfo":{"name":"agentfarm2-game","version":"0.1.0"}}}
2026-08-20T10:28:02.412Z === MCP server 启动 (pid 21264) ===
2026-08-20T10:28:02.419Z msg: {"method":"initialize","params":{"protocolVersion":"2025-11-25","capabilities":{"sampling":{"tools":{}},"elicitation":{"form":{},"url":{}}},"clientInfo":{"name":"mcp","version":"0.1.0"}},"jsonrpc":"2.
2026-08-20T10:28:02.420Z >> {"jsonrpc":"2.0","id":0,"result":{"protocolVersion":"2024-11-05","capabilities":{"tools":{}},"serverInfo":{"name":"agentfarm2-game","version":"0.1.0"}}}
2026-08-20T10:28:03.563Z === MCP server 启动 (pid 20168) ===
2026-08-20T10:28:03.571Z msg: {"method":"initialize","params":{"protocolVersion":"2025-11-25","capabilities":{"sampling":{"tools":{}},"elicitation":{"form":{},"url":{}}},"clientInfo":{"name":"mcp","version":"0.1.0"}},"jsonrpc":"2.
2026-08-20T10:28:03.571Z >> {"jsonrpc":"2.0","id":0,"result":{"protocolVersion":"2024-11-05","capabilities":{"tools":{}},"serverInfo":{"name":"agentfarm2-game","version":"0.1.0"}}}
2026-08-20T10:28:05.968Z === MCP server 启动 (pid 2824) ===
2026-08-20T10:28:05.975Z msg: {"method":"initialize","params":{"protocolVersion":"2025-11-25","capabilities":{"sampling":{"tools":{}},"elicitation":{"form":{},"url":{}}},"clientInfo":{"name":"mcp","version":"0.1.0"}},"jsonrpc":"2.
2026-08-20T10:28:05.976Z >> {"jsonrpc":"2.0","id":0,"result":{"protocolVersion":"2024-11-05","capabilities":{"tools":{}},"serverInfo":{"name":"agentfarm2-game","version":"0.1.0"}}}
2026-08-20T10:28:10.123Z === MCP server 启动 (pid 24128) ===
2026-08-20T10:28:10.131Z msg: {"method":"initialize","params":{"protocolVersion":"2025-11-25","capabilities":{"sampling":{"tools":{}},"elicitation":{"form":{},"url":{}}},"clientInfo":{"name":"mcp","version":"0.1.0"}},"jsonrpc":"2.
2026-08-20T10:28:10.131Z >> {"jsonrpc":"2.0","id":0,"result":{"protocolVersion":"2024-11-05","capabilities":{"tools":{}},"serverInfo":{"name":"agentfarm2-game","version":"0.1.0"}}}
2026-08-20T10:33:10.399Z === MCP server 启动 (pid 19580) ===
2026-08-20T10:33:10.406Z msg: {"method":"initialize","params":{"protocolVersion":"2025-11-25","capabilities":{"sampling":{"tools":{}},"elicitation":{"form":{},"url":{}}},"clientInfo":{"name":"mcp","version":"0.1.0"}},"jsonrpc":"2.
2026-08-20T10:33:10.407Z >> {"jsonrpc":"2.0","id":0,"result":{"protocolVersion":"2024-11-05","capabilities":{"tools":{}},"serverInfo":{"name":"agentfarm2-game","version":"0.1.0"}}}
2026-08-20T10:33:11.496Z === MCP server 启动 (pid 26032) ===
2026-08-20T10:33:11.503Z msg: {"method":"initialize","params":{"protocolVersion":"2025-11-25","capabilities":{"sampling":{"tools":{}},"elicitation":{"form":{},"url":{}}},"clientInfo":{"name":"mcp","version":"0.1.0"}},"jsonrpc":"2.
2026-08-20T10:33:11.504Z >> {"jsonrpc":"2.0","id":0,"result":{"protocolVersion":"2024-11-05","capabilities":{"tools":{}},"serverInfo":{"name":"agentfarm2-game","version":"0.1.0"}}}
2026-08-20T10:33:13.842Z === MCP server 启动 (pid 8696) ===
2026-08-20T10:33:13.850Z msg: {"method":"initialize","params":{"protocolVersion":"2025-11-25","capabilities":{"sampling":{"tools":{}},"elicitation":{"form":{},"url":{}}},"clientInfo":{"name":"mcp","version":"0.1.0"}},"jsonrpc":"2.
2026-08-20T10:33:13.850Z >> {"jsonrpc":"2.0","id":0,"result":{"protocolVersion":"2024-11-05","capabilities":{"tools":{}},"serverInfo":{"name":"agentfarm2-game","version":"0.1.0"}}}
2026-08-20T10:33:17.486Z === MCP server 启动 (pid 38848) ===
2026-08-20T10:33:17.493Z msg: {"method":"initialize","params":{"protocolVersion":"2025-11-25","capabilities":{"sampling":{"tools":{}},"elicitation":{"form":{},"url":{}}},"clientInfo":{"name":"mcp","version":"0.1.0"}},"jsonrpc":"2.
2026-08-20T10:33:17.493Z >> {"jsonrpc":"2.0","id":0,"result":{"protocolVersion":"2024-11-05","capabilities":{"tools":{}},"serverInfo":{"name":"agentfarm2-game","version":"0.1.0"}}}
2026-08-20T10:38:17.757Z === MCP server 启动 (pid 33172) ===
2026-08-20T10:38:17.765Z msg: {"method":"initialize","params":{"protocolVersion":"2025-11-25","capabilities":{"sampling":{"tools":{}},"elicitation":{"form":{},"url":{}}},"clientInfo":{"name":"mcp","version":"0.1.0"}},"jsonrpc":"2.
2026-08-20T10:38:17.765Z >> {"jsonrpc":"2.0","id":0,"result":{"protocolVersion":"2024-11-05","capabilities":{"tools":{}},"serverInfo":{"name":"agentfarm2-game","version":"0.1.0"}}}
2026-08-20T10:38:18.913Z === MCP server 启动 (pid 14080) ===
2026-08-20T10:38:18.921Z msg: {"method":"initialize","params":{"protocolVersion":"2025-11-25","capabilities":{"sampling":{"tools":{}},"elicitation":{"form":{},"url":{}}},"clientInfo":{"name":"mcp","version":"0.1.0"}},"jsonrpc":"2.
2026-08-20T10:38:18.922Z >> {"jsonrpc":"2.0","id":0,"result":{"protocolVersion":"2024-11-05","capabilities":{"tools":{}},"serverInfo":{"name":"agentfarm2-game","version":"0.1.0"}}}
2026-08-20T10:38:21.515Z === MCP server 启动 (pid 9468) ===
2026-08-20T10:38:21.522Z msg: {"method":"initialize","params":{"protocolVersion":"2025-11-25","capabilities":{"sampling":{"tools":{}},"elicitation":{"form":{},"url":{}}},"clientInfo":{"name":"mcp","version":"0.1.0"}},"jsonrpc":"2.
2026-08-20T10:38:21.523Z >> {"jsonrpc":"2.0","id":0,"result":{"protocolVersion":"2024-11-05","capabilities":{"tools":{}},"serverInfo":{"name":"agentfarm2-game","version":"0.1.0"}}}
2026-08-20T10:38:25.931Z === MCP server 启动 (pid 4064) ===
2026-08-20T10:38:25.938Z msg: {"method":"initialize","params":{"protocolVersion":"2025-11-25","capabilities":{"sampling":{"tools":{}},"elicitation":{"form":{},"url":{}}},"clientInfo":{"name":"mcp","version":"0.1.0"}},"jsonrpc":"2.
2026-08-20T10:38:25.939Z >> {"jsonrpc":"2.0","id":0,"result":{"protocolVersion":"2024-11-05","capabilities":{"tools":{}},"serverInfo":{"name":"agentfarm2-game","version":"0.1.0"}}}
2026-08-20T10:43:26.211Z === MCP server 启动 (pid 36356) ===
2026-08-20T10:43:26.219Z msg: {"method":"initialize","params":{"protocolVersion":"2025-11-25","capabilities":{"sampling":{"tools":{}},"elicitation":{"form":{},"url":{}}},"clientInfo":{"name":"mcp","version":"0.1.0"}},"jsonrpc":"2.
2026-08-20T10:43:26.220Z >> {"jsonrpc":"2.0","id":0,"result":{"protocolVersion":"2024-11-05","capabilities":{"tools":{}},"serverInfo":{"name":"agentfarm2-game","version":"0.1.0"}}}
2026-08-20T10:43:27.618Z === MCP server 启动 (pid 15124) ===
2026-08-20T10:43:27.626Z msg: {"method":"initialize","params":{"protocolVersion":"2025-11-25","capabilities":{"sampling":{"tools":{}},"elicitation":{"form":{},"url":{}}},"clientInfo":{"name":"mcp","version":"0.1.0"}},"jsonrpc":"2.
2026-08-20T10:43:27.627Z >> {"jsonrpc":"2.0","id":0,"result":{"protocolVersion":"2024-11-05","capabilities":{"tools":{}},"serverInfo":{"name":"agentfarm2-game","version":"0.1.0"}}}
2026-08-20T10:43:29.504Z === MCP server 启动 (pid 10592) ===
2026-08-20T10:43:29.511Z msg: {"method":"initialize","params":{"protocolVersion":"2025-11-25","capabilities":{"sampling":{"tools":{}},"elicitation":{"form":{},"url":{}}},"clientInfo":{"name":"mcp","version":"0.1.0"}},"jsonrpc":"2.
2026-08-20T10:43:29.512Z >> {"jsonrpc":"2.0","id":0,"result":{"protocolVersion":"2024-11-05","capabilities":{"tools":{}},"serverInfo":{"name":"agentfarm2-game","version":"0.1.0"}}}
2026-08-20T10:43:33.903Z === MCP server 启动 (pid 25736) ===
2026-08-20T10:43:33.911Z msg: {"method":"initialize","params":{"protocolVersion":"2025-11-25","capabilities":{"sampling":{"tools":{}},"elicitation":{"form":{},"url":{}}},"clientInfo":{"name":"mcp","version":"0.1.0"}},"jsonrpc":"2.
2026-08-20T10:43:33.911Z >> {"jsonrpc":"2.0","id":0,"result":{"protocolVersion":"2024-11-05","capabilities":{"tools":{}},"serverInfo":{"name":"agentfarm2-game","version":"0.1.0"}}}
2026-08-20T10:48:34.186Z === MCP server 启动 (pid 24572) ===
2026-08-20T10:48:34.193Z msg: {"method":"initialize","params":{"protocolVersion":"2025-11-25","capabilities":{"sampling":{"tools":{}},"elicitation":{"form":{},"url":{}}},"clientInfo":{"name":"mcp","version":"0.1.0"}},"jsonrpc":"2.
2026-08-20T10:48:34.194Z >> {"jsonrpc":"2.0","id":0,"result":{"protocolVersion":"2024-11-05","capabilities":{"tools":{}},"serverInfo":{"name":"agentfarm2-game","version":"0.1.0"}}}
2026-08-20T10:48:35.646Z === MCP server 启动 (pid 2328) ===
2026-08-20T10:48:35.654Z msg: {"method":"initialize","params":{"protocolVersion":"2025-11-25","capabilities":{"sampling":{"tools":{}},"elicitation":{"form":{},"url":{}}},"clientInfo":{"name":"mcp","version":"0.1.0"}},"jsonrpc":"2.
2026-08-20T10:48:35.655Z >> {"jsonrpc":"2.0","id":0,"result":{"protocolVersion":"2024-11-05","capabilities":{"tools":{}},"serverInfo":{"name":"agentfarm2-game","version":"0.1.0"}}}
2026-08-20T10:48:37.947Z === MCP server 启动 (pid 35284) ===
2026-08-20T10:48:37.954Z msg: {"method":"initialize","params":{"protocolVersion":"2025-11-25","capabilities":{"sampling":{"tools":{}},"elicitation":{"form":{},"url":{}}},"clientInfo":{"name":"mcp","version":"0.1.0"}},"jsonrpc":"2.
2026-08-20T10:48:37.955Z >> {"jsonrpc":"2.0","id":0,"result":{"protocolVersion":"2024-11-05","capabilities":{"tools":{}},"serverInfo":{"name":"agentfarm2-game","version":"0.1.0"}}}
2026-08-20T10:48:42.715Z === MCP server 启动 (pid 22508) ===
2026-08-20T10:48:42.722Z msg: {"method":"initialize","params":{"protocolVersion":"2025-11-25","capabilities":{"sampling":{"tools":{}},"elicitation":{"form":{},"url":{}}},"clientInfo":{"name":"mcp","version":"0.1.0"}},"jsonrpc":"2.
2026-08-20T10:48:42.723Z >> {"jsonrpc":"2.0","id":0,"result":{"protocolVersion":"2024-11-05","capabilities":{"tools":{}},"serverInfo":{"name":"agentfarm2-game","version":"0.1.0"}}}
2026-08-20T10:53:43.017Z === MCP server 启动 (pid 11456) ===
2026-08-20T10:53:43.024Z msg: {"method":"initialize","params":{"protocolVersion":"2025-11-25","capabilities":{"sampling":{"tools":{}},"elicitation":{"form":{},"url":{}}},"clientInfo":{"name":"mcp","version":"0.1.0"}},"jsonrpc":"2.
2026-08-20T10:53:43.025Z >> {"jsonrpc":"2.0","id":0,"result":{"protocolVersion":"2024-11-05","capabilities":{"tools":{}},"serverInfo":{"name":"agentfarm2-game","version":"0.1.0"}}}
2026-08-20T10:53:44.250Z === MCP server 启动 (pid 13444) ===
2026-08-20T10:53:44.257Z msg: {"method":"initialize","params":{"protocolVersion":"2025-11-25","capabilities":{"sampling":{"tools":{}},"elicitation":{"form":{},"url":{}}},"clientInfo":{"name":"mcp","version":"0.1.0"}},"jsonrpc":"2.
2026-08-20T10:53:44.258Z >> {"jsonrpc":"2.0","id":0,"result":{"protocolVersion":"2024-11-05","capabilities":{"tools":{}},"serverInfo":{"name":"agentfarm2-game","version":"0.1.0"}}}
2026-08-20T10:53:46.333Z === MCP server 启动 (pid 11944) ===
2026-08-20T10:53:46.340Z msg: {"method":"initialize","params":{"protocolVersion":"2025-11-25","capabilities":{"sampling":{"tools":{}},"elicitation":{"form":{},"url":{}}},"clientInfo":{"name":"mcp","version":"0.1.0"}},"jsonrpc":"2.
2026-08-20T10:53:46.341Z >> {"jsonrpc":"2.0","id":0,"result":{"protocolVersion":"2024-11-05","capabilities":{"tools":{}},"serverInfo":{"name":"agentfarm2-game","version":"0.1.0"}}}
2026-08-20T10:53:50.685Z === MCP server 启动 (pid 17232) ===
2026-08-20T10:53:50.692Z msg: {"method":"initialize","params":{"protocolVersion":"2025-11-25","capabilities":{"sampling":{"tools":{}},"elicitation":{"form":{},"url":{}}},"clientInfo":{"name":"mcp","version":"0.1.0"}},"jsonrpc":"2.
2026-08-20T10:53:50.693Z >> {"jsonrpc":"2.0","id":0,"result":{"protocolVersion":"2024-11-05","capabilities":{"tools":{}},"serverInfo":{"name":"agentfarm2-game","version":"0.1.0"}}}
2026-08-21T14:04:37.028Z === MCP server 启动 (pid 17952) ===
2026-08-21T14:04:37.036Z msg: {"method":"initialize","params":{"protocolVersion":"2025-11-25","capabilities":{"sampling":{"tools":{}},"elicitation":{"form":{},"url":{}}},"clientInfo":{"name":"mcp","version":"0.1.0"}},"jsonrpc":"2.
2026-08-21T14:04:37.037Z >> {"jsonrpc":"2.0","id":0,"result":{"protocolVersion":"2024-11-05","capabilities":{"tools":{}},"serverInfo":{"name":"agentfarm2-game","version":"0.1.0"}}}
2026-08-21T14:04:38.397Z === MCP server 启动 (pid 29148) ===
2026-08-21T14:04:38.404Z msg: {"method":"initialize","params":{"protocolVersion":"2025-11-25","capabilities":{"sampling":{"tools":{}},"elicitation":{"form":{},"url":{}}},"clientInfo":{"name":"mcp","version":"0.1.0"}},"jsonrpc":"2.
2026-08-21T14:04:38.404Z >> {"jsonrpc":"2.0","id":0,"result":{"protocolVersion":"2024-11-05","capabilities":{"tools":{}},"serverInfo":{"name":"agentfarm2-game","version":"0.1.0"}}}
2026-08-21T14:04:40.563Z === MCP server 启动 (pid 35008) ===
2026-08-21T14:04:40.570Z msg: {"method":"initialize","params":{"protocolVersion":"2025-11-25","capabilities":{"sampling":{"tools":{}},"elicitation":{"form":{},"url":{}}},"clientInfo":{"name":"mcp","version":"0.1.0"}},"jsonrpc":"2.
2026-08-21T14:04:40.570Z >> {"jsonrpc":"2.0","id":0,"result":{"protocolVersion":"2024-11-05","capabilities":{"tools":{}},"serverInfo":{"name":"agentfarm2-game","version":"0.1.0"}}}
2026-08-21T14:04:44.930Z === MCP server 启动 (pid 24320) ===
2026-08-21T14:04:44.937Z msg: {"method":"initialize","params":{"protocolVersion":"2025-11-25","capabilities":{"sampling":{"tools":{}},"elicitation":{"form":{},"url":{}}},"clientInfo":{"name":"mcp","version":"0.1.0"}},"jsonrpc":"2.
2026-08-21T14:04:44.938Z >> {"jsonrpc":"2.0","id":0,"result":{"protocolVersion":"2024-11-05","capabilities":{"tools":{}},"serverInfo":{"name":"agentfarm2-game","version":"0.1.0"}}}
2026-08-21T14:05:12.568Z === MCP server 启动 (pid 31896) ===
2026-08-21T14:05:12.575Z msg: {"method":"initialize","params":{"protocolVersion":"2025-11-25","capabilities":{"sampling":{"tools":{}},"elicitation":{"form":{},"url":{}}},"clientInfo":{"name":"mcp","version":"0.1.0"}},"jsonrpc":"2.
2026-08-21T14:05:12.576Z >> {"jsonrpc":"2.0","id":0,"result":{"protocolVersion":"2024-11-05","capabilities":{"tools":{}},"serverInfo":{"name":"agentfarm2-game","version":"0.1.0"}}}
2026-08-21T14:05:13.905Z === MCP server 启动 (pid 19712) ===
2026-08-21T14:05:13.913Z msg: {"method":"initialize","params":{"protocolVersion":"2025-11-25","capabilities":{"sampling":{"tools":{}},"elicitation":{"form":{},"url":{}}},"clientInfo":{"name":"mcp","version":"0.1.0"}},"jsonrpc":"2.
2026-08-21T14:05:13.913Z >> {"jsonrpc":"2.0","id":0,"result":{"protocolVersion":"2024-11-05","capabilities":{"tools":{}},"serverInfo":{"name":"agentfarm2-game","version":"0.1.0"}}}
2026-08-21T14:05:15.948Z === MCP server 启动 (pid 12348) ===
2026-08-21T14:05:15.955Z msg: {"method":"initialize","params":{"protocolVersion":"2025-11-25","capabilities":{"sampling":{"tools":{}},"elicitation":{"form":{},"url":{}}},"clientInfo":{"name":"mcp","version":"0.1.0"}},"jsonrpc":"2.
2026-08-21T14:05:15.956Z >> {"jsonrpc":"2.0","id":0,"result":{"protocolVersion":"2024-11-05","capabilities":{"tools":{}},"serverInfo":{"name":"agentfarm2-game","version":"0.1.0"}}}
2026-08-21T14:05:19.949Z === MCP server 启动 (pid 12016) ===
2026-08-21T14:05:19.955Z msg: {"method":"initialize","params":{"protocolVersion":"2025-11-25","capabilities":{"sampling":{"tools":{}},"elicitation":{"form":{},"url":{}}},"clientInfo":{"name":"mcp","version":"0.1.0"}},"jsonrpc":"2.
2026-08-21T14:05:19.956Z >> {"jsonrpc":"2.0","id":0,"result":{"protocolVersion":"2024-11-05","capabilities":{"tools":{}},"serverInfo":{"name":"agentfarm2-game","version":"0.1.0"}}}
2026-08-21T14:10:20.222Z === MCP server 启动 (pid 19600) ===
2026-08-21T14:10:20.229Z msg: {"method":"initialize","params":{"protocolVersion":"2025-11-25","capabilities":{"sampling":{"tools":{}},"elicitation":{"form":{},"url":{}}},"clientInfo":{"name":"mcp","version":"0.1.0"}},"jsonrpc":"2.
2026-08-21T14:10:20.229Z >> {"jsonrpc":"2.0","id":0,"result":{"protocolVersion":"2024-11-05","capabilities":{"tools":{}},"serverInfo":{"name":"agentfarm2-game","version":"0.1.0"}}}
2026-08-21T14:10:21.507Z === MCP server 启动 (pid 30376) ===
2026-08-21T14:10:21.514Z msg: {"method":"initialize","params":{"protocolVersion":"2025-11-25","capabilities":{"sampling":{"tools":{}},"elicitation":{"form":{},"url":{}}},"clientInfo":{"name":"mcp","version":"0.1.0"}},"jsonrpc":"2.
2026-08-21T14:10:21.514Z >> {"jsonrpc":"2.0","id":0,"result":{"protocolVersion":"2024-11-05","capabilities":{"tools":{}},"serverInfo":{"name":"agentfarm2-game","version":"0.1.0"}}}
2026-08-21T14:10:23.794Z === MCP server 启动 (pid 39196) ===
2026-08-21T14:10:23.801Z msg: {"method":"initialize","params":{"protocolVersion":"2025-11-25","capabilities":{"sampling":{"tools":{}},"elicitation":{"form":{},"url":{}}},"clientInfo":{"name":"mcp","version":"0.1.0"}},"jsonrpc":"2.
2026-08-21T14:10:23.801Z >> {"jsonrpc":"2.0","id":0,"result":{"protocolVersion":"2024-11-05","capabilities":{"tools":{}},"serverInfo":{"name":"agentfarm2-game","version":"0.1.0"}}}
2026-08-21T14:10:28.370Z === MCP server 启动 (pid 31336) ===
2026-08-21T14:10:28.376Z msg: {"method":"initialize","params":{"protocolVersion":"2025-11-25","capabilities":{"sampling":{"tools":{}},"elicitation":{"form":{},"url":{}}},"clientInfo":{"name":"mcp","version":"0.1.0"}},"jsonrpc":"2.
2026-08-21T14:10:28.377Z >> {"jsonrpc":"2.0","id":0,"result":{"protocolVersion":"2024-11-05","capabilities":{"tools":{}},"serverInfo":{"name":"agentfarm2-game","version":"0.1.0"}}}
2026-08-21T14:15:28.646Z === MCP server 启动 (pid 19760) ===
2026-08-21T14:15:28.652Z msg: {"method":"initialize","params":{"protocolVersion":"2025-11-25","capabilities":{"sampling":{"tools":{}},"elicitation":{"form":{},"url":{}}},"clientInfo":{"name":"mcp","version":"0.1.0"}},"jsonrpc":"2.
2026-08-21T14:15:28.653Z >> {"jsonrpc":"2.0","id":0,"result":{"protocolVersion":"2024-11-05","capabilities":{"tools":{}},"serverInfo":{"name":"agentfarm2-game","version":"0.1.0"}}}
2026-08-21T14:15:29.994Z === MCP server 启动 (pid 13368) ===
2026-08-21T14:15:30.001Z msg: {"method":"initialize","params":{"protocolVersion":"2025-11-25","capabilities":{"sampling":{"tools":{}},"elicitation":{"form":{},"url":{}}},"clientInfo":{"name":"mcp","version":"0.1.0"}},"jsonrpc":"2.
2026-08-21T14:15:30.002Z >> {"jsonrpc":"2.0","id":0,"result":{"protocolVersion":"2024-11-05","capabilities":{"tools":{}},"serverInfo":{"name":"agentfarm2-game","version":"0.1.0"}}}
2026-08-21T14:15:32.635Z === MCP server 启动 (pid 11272) ===
2026-08-21T14:15:32.642Z msg: {"method":"initialize","params":{"protocolVersion":"2025-11-25","capabilities":{"sampling":{"tools":{}},"elicitation":{"form":{},"url":{}}},"clientInfo":{"name":"mcp","version":"0.1.0"}},"jsonrpc":"2.
2026-08-21T14:15:32.642Z >> {"jsonrpc":"2.0","id":0,"result":{"protocolVersion":"2024-11-05","capabilities":{"tools":{}},"serverInfo":{"name":"agentfarm2-game","version":"0.1.0"}}}
2026-08-21T14:15:37.399Z === MCP server 启动 (pid 24932) ===
2026-08-21T14:15:37.406Z msg: {"method":"initialize","params":{"protocolVersion":"2025-11-25","capabilities":{"sampling":{"tools":{}},"elicitation":{"form":{},"url":{}}},"clientInfo":{"name":"mcp","version":"0.1.0"}},"jsonrpc":"2.
2026-08-21T14:15:37.407Z >> {"jsonrpc":"2.0","id":0,"result":{"protocolVersion":"2024-11-05","capabilities":{"tools":{}},"serverInfo":{"name":"agentfarm2-game","version":"0.1.0"}}}
2026-08-22T12:49:51.116Z === MCP server 启动 (pid 32552) ===
2026-08-22T12:49:51.123Z msg: {"method":"initialize","params":{"protocolVersion":"2025-11-25","capabilities":{"sampling":{"tools":{}},"elicitation":{"form":{},"url":{}}},"clientInfo":{"name":"mcp","version":"0.1.0"}},"jsonrpc":"2.
2026-08-22T12:49:51.124Z >> {"jsonrpc":"2.0","id":0,"result":{"protocolVersion":"2024-11-05","capabilities":{"tools":{}},"serverInfo":{"name":"agentfarm2-game","version":"0.1.0"}}}
2026-08-22T12:49:54.339Z === MCP server 启动 (pid 39636) ===
2026-08-22T12:49:54.346Z msg: {"method":"initialize","params":{"protocolVersion":"2025-11-25","capabilities":{"sampling":{"tools":{}},"elicitation":{"form":{},"url":{}}},"clientInfo":{"name":"mcp","version":"0.1.0"}},"jsonrpc":"2.
2026-08-22T12:49:54.347Z >> {"jsonrpc":"2.0","id":0,"result":{"protocolVersion":"2024-11-05","capabilities":{"tools":{}},"serverInfo":{"name":"agentfarm2-game","version":"0.1.0"}}}
2026-08-22T12:49:56.718Z === MCP server 启动 (pid 15076) ===
2026-08-22T12:49:56.725Z msg: {"method":"initialize","params":{"protocolVersion":"2025-11-25","capabilities":{"sampling":{"tools":{}},"elicitation":{"form":{},"url":{}}},"clientInfo":{"name":"mcp","version":"0.1.0"}},"jsonrpc":"2.
2026-08-22T12:49:56.726Z >> {"jsonrpc":"2.0","id":0,"result":{"protocolVersion":"2024-11-05","capabilities":{"tools":{}},"serverInfo":{"name":"agentfarm2-game","version":"0.1.0"}}}
2026-08-22T12:50:00.364Z === MCP server 启动 (pid 37580) ===
2026-08-22T12:50:00.371Z msg: {"method":"initialize","params":{"protocolVersion":"2025-11-25","capabilities":{"sampling":{"tools":{}},"elicitation":{"form":{},"url":{}}},"clientInfo":{"name":"mcp","version":"0.1.0"}},"jsonrpc":"2.
2026-08-22T12:50:00.372Z >> {"jsonrpc":"2.0","id":0,"result":{"protocolVersion":"2024-11-05","capabilities":{"tools":{}},"serverInfo":{"name":"agentfarm2-game","version":"0.1.0"}}}
2026-08-22T12:52:32.062Z === MCP server 启动 (pid 4580) ===
2026-08-22T12:52:32.070Z msg: {"method":"initialize","params":{"protocolVersion":"2025-11-25","capabilities":{"sampling":{"tools":{}},"elicitation":{"form":{},"url":{}}},"clientInfo":{"name":"mcp","version":"0.1.0"}},"jsonrpc":"2.
2026-08-22T12:52:32.070Z >> {"jsonrpc":"2.0","id":0,"result":{"protocolVersion":"2024-11-05","capabilities":{"tools":{}},"serverInfo":{"name":"agentfarm2-game","version":"0.1.0"}}}
2026-08-22T12:52:32.081Z msg: {"method":"notifications/initialized","jsonrpc":"2.0"}
2026-08-22T12:52:32.089Z msg: {"method":"tools/list","jsonrpc":"2.0","id":1}
2026-08-22T12:52:32.090Z >> {"jsonrpc":"2.0","id":1,"result":{"tools":[{"name":"game_observe","description":"查看当前游戏世界状态：场景/位置/天数/时间/天气/金币/背包物品/NPC好感/在线玩家。返回 JSON。","inputSchema":{"type":"o
2026-08-22T12:52:43.217Z === MCP server 启动 (pid 17084) ===
2026-08-22T12:52:43.225Z msg: {"method":"initialize","params":{"protocolVersion":"2025-11-25","capabilities":{"sampling":{"tools":{}},"elicitation":{"form":{},"url":{}}},"clientInfo":{"name":"mcp","version":"0.1.0"}},"jsonrpc":"2.
2026-08-22T12:52:43.225Z >> {"jsonrpc":"2.0","id":0,"result":{"protocolVersion":"2024-11-05","capabilities":{"tools":{}},"serverInfo":{"name":"agentfarm2-game","version":"0.1.0"}}}
2026-08-22T12:52:44.657Z === MCP server 启动 (pid 5388) ===
2026-08-22T12:52:44.665Z msg: {"method":"initialize","params":{"protocolVersion":"2025-11-25","capabilities":{"sampling":{"tools":{}},"elicitation":{"form":{},"url":{}}},"clientInfo":{"name":"mcp","version":"0.1.0"}},"jsonrpc":"2.
2026-08-22T12:52:44.665Z >> {"jsonrpc":"2.0","id":0,"result":{"protocolVersion":"2024-11-05","capabilities":{"tools":{}},"serverInfo":{"name":"agentfarm2-game","version":"0.1.0"}}}
2026-08-22T12:52:46.661Z === MCP server 启动 (pid 696) ===
2026-08-22T12:52:46.667Z msg: {"method":"initialize","params":{"protocolVersion":"2025-11-25","capabilities":{"sampling":{"tools":{}},"elicitation":{"form":{},"url":{}}},"clientInfo":{"name":"mcp","version":"0.1.0"}},"jsonrpc":"2.
2026-08-22T12:52:46.668Z >> {"jsonrpc":"2.0","id":0,"result":{"protocolVersion":"2024-11-05","capabilities":{"tools":{}},"serverInfo":{"name":"agentfarm2-game","version":"0.1.0"}}}
2026-08-22T12:52:51.534Z === MCP server 启动 (pid 20520) ===
2026-08-22T12:52:51.540Z msg: {"method":"initialize","params":{"protocolVersion":"2025-11-25","capabilities":{"sampling":{"tools":{}},"elicitation":{"form":{},"url":{}}},"clientInfo":{"name":"mcp","version":"0.1.0"}},"jsonrpc":"2.
2026-08-22T12:52:51.541Z >> {"jsonrpc":"2.0","id":0,"result":{"protocolVersion":"2024-11-05","capabilities":{"tools":{}},"serverInfo":{"name":"agentfarm2-game","version":"0.1.0"}}}
2026-08-22T12:54:43.057Z === MCP server 启动 (pid 9988) ===
2026-08-22T12:54:43.064Z msg: {"method":"initialize","params":{"protocolVersion":"2025-11-25","capabilities":{"sampling":{"tools":{}},"elicitation":{"form":{},"url":{}}},"clientInfo":{"name":"mcp","version":"0.1.0"}},"jsonrpc":"2.
2026-08-22T12:54:43.065Z >> {"jsonrpc":"2.0","id":0,"result":{"protocolVersion":"2024-11-05","capabilities":{"tools":{}},"serverInfo":{"name":"agentfarm2-game","version":"0.1.0"}}}
2026-08-22T12:54:44.266Z === MCP server 启动 (pid 20508) ===
2026-08-22T12:54:44.275Z msg: {"method":"initialize","params":{"protocolVersion":"2025-11-25","capabilities":{"sampling":{"tools":{}},"elicitation":{"form":{},"url":{}}},"clientInfo":{"name":"mcp","version":"0.1.0"}},"jsonrpc":"2.
2026-08-22T12:54:44.276Z >> {"jsonrpc":"2.0","id":0,"result":{"protocolVersion":"2024-11-05","capabilities":{"tools":{}},"serverInfo":{"name":"agentfarm2-game","version":"0.1.0"}}}
2026-08-22T12:54:46.400Z === MCP server 启动 (pid 17736) ===
2026-08-22T12:54:46.408Z msg: {"method":"initialize","params":{"protocolVersion":"2025-11-25","capabilities":{"sampling":{"tools":{}},"elicitation":{"form":{},"url":{}}},"clientInfo":{"name":"mcp","version":"0.1.0"}},"jsonrpc":"2.
2026-08-22T12:54:46.408Z >> {"jsonrpc":"2.0","id":0,"result":{"protocolVersion":"2024-11-05","capabilities":{"tools":{}},"serverInfo":{"name":"agentfarm2-game","version":"0.1.0"}}}
2026-08-22T12:54:50.095Z === MCP server 启动 (pid 13140) ===
2026-08-22T12:54:50.102Z msg: {"method":"initialize","params":{"protocolVersion":"2025-11-25","capabilities":{"sampling":{"tools":{}},"elicitation":{"form":{},"url":{}}},"clientInfo":{"name":"mcp","version":"0.1.0"}},"jsonrpc":"2.
2026-08-22T12:54:50.103Z >> {"jsonrpc":"2.0","id":0,"result":{"protocolVersion":"2024-11-05","capabilities":{"tools":{}},"serverInfo":{"name":"agentfarm2-game","version":"0.1.0"}}}
2026-08-22T12:59:50.370Z === MCP server 启动 (pid 14428) ===
2026-08-22T12:59:50.377Z msg: {"method":"initialize","params":{"protocolVersion":"2025-11-25","capabilities":{"sampling":{"tools":{}},"elicitation":{"form":{},"url":{}}},"clientInfo":{"name":"mcp","version":"0.1.0"}},"jsonrpc":"2.
2026-08-22T12:59:50.377Z >> {"jsonrpc":"2.0","id":0,"result":{"protocolVersion":"2024-11-05","capabilities":{"tools":{}},"serverInfo":{"name":"agentfarm2-game","version":"0.1.0"}}}
2026-08-22T12:59:51.462Z === MCP server 启动 (pid 2728) ===
2026-08-22T12:59:51.469Z msg: {"method":"initialize","params":{"protocolVersion":"2025-11-25","capabilities":{"sampling":{"tools":{}},"elicitation":{"form":{},"url":{}}},"clientInfo":{"name":"mcp","version":"0.1.0"}},"jsonrpc":"2.
2026-08-22T12:59:51.470Z >> {"jsonrpc":"2.0","id":0,"result":{"protocolVersion":"2024-11-05","capabilities":{"tools":{}},"serverInfo":{"name":"agentfarm2-game","version":"0.1.0"}}}
2026-08-22T12:59:53.727Z === MCP server 启动 (pid 8536) ===
2026-08-22T12:59:53.735Z msg: {"method":"initialize","params":{"protocolVersion":"2025-11-25","capabilities":{"sampling":{"tools":{}},"elicitation":{"form":{},"url":{}}},"clientInfo":{"name":"mcp","version":"0.1.0"}},"jsonrpc":"2.
2026-08-22T12:59:53.736Z >> {"jsonrpc":"2.0","id":0,"result":{"protocolVersion":"2024-11-05","capabilities":{"tools":{}},"serverInfo":{"name":"agentfarm2-game","version":"0.1.0"}}}
2026-08-22T12:59:57.656Z === MCP server 启动 (pid 38448) ===
2026-08-22T12:59:57.664Z msg: {"method":"initialize","params":{"protocolVersion":"2025-11-25","capabilities":{"sampling":{"tools":{}},"elicitation":{"form":{},"url":{}}},"clientInfo":{"name":"mcp","version":"0.1.0"}},"jsonrpc":"2.
2026-08-22T12:59:57.664Z >> {"jsonrpc":"2.0","id":0,"result":{"protocolVersion":"2024-11-05","capabilities":{"tools":{}},"serverInfo":{"name":"agentfarm2-game","version":"0.1.0"}}}
2026-08-22T13:04:57.940Z === MCP server 启动 (pid 39048) ===
2026-08-22T13:04:57.947Z msg: {"method":"initialize","params":{"protocolVersion":"2025-11-25","capabilities":{"sampling":{"tools":{}},"elicitation":{"form":{},"url":{}}},"clientInfo":{"name":"mcp","version":"0.1.0"}},"jsonrpc":"2.
2026-08-22T13:04:57.947Z >> {"jsonrpc":"2.0","id":0,"result":{"protocolVersion":"2024-11-05","capabilities":{"tools":{}},"serverInfo":{"name":"agentfarm2-game","version":"0.1.0"}}}
2026-08-22T13:04:59.193Z === MCP server 启动 (pid 26432) ===
2026-08-22T13:04:59.200Z msg: {"method":"initialize","params":{"protocolVersion":"2025-11-25","capabilities":{"sampling":{"tools":{}},"elicitation":{"form":{},"url":{}}},"clientInfo":{"name":"mcp","version":"0.1.0"}},"jsonrpc":"2.
2026-08-22T13:04:59.201Z >> {"jsonrpc":"2.0","id":0,"result":{"protocolVersion":"2024-11-05","capabilities":{"tools":{}},"serverInfo":{"name":"agentfarm2-game","version":"0.1.0"}}}
2026-08-22T13:05:01.124Z === MCP server 启动 (pid 39712) ===
2026-08-22T13:05:01.131Z msg: {"method":"initialize","params":{"protocolVersion":"2025-11-25","capabilities":{"sampling":{"tools":{}},"elicitation":{"form":{},"url":{}}},"clientInfo":{"name":"mcp","version":"0.1.0"}},"jsonrpc":"2.
2026-08-22T13:05:01.132Z >> {"jsonrpc":"2.0","id":0,"result":{"protocolVersion":"2024-11-05","capabilities":{"tools":{}},"serverInfo":{"name":"agentfarm2-game","version":"0.1.0"}}}
2026-08-22T13:05:04.629Z === MCP server 启动 (pid 15348) ===
2026-08-22T13:05:04.636Z msg: {"method":"initialize","params":{"protocolVersion":"2025-11-25","capabilities":{"sampling":{"tools":{}},"elicitation":{"form":{},"url":{}}},"clientInfo":{"name":"mcp","version":"0.1.0"}},"jsonrpc":"2.
2026-08-22T13:05:04.637Z >> {"jsonrpc":"2.0","id":0,"result":{"protocolVersion":"2024-11-05","capabilities":{"tools":{}},"serverInfo":{"name":"agentfarm2-game","version":"0.1.0"}}}
2026-08-22T13:10:04.923Z === MCP server 启动 (pid 23772) ===
2026-08-22T13:10:04.931Z msg: {"method":"initialize","params":{"protocolVersion":"2025-11-25","capabilities":{"sampling":{"tools":{}},"elicitation":{"form":{},"url":{}}},"clientInfo":{"name":"mcp","version":"0.1.0"}},"jsonrpc":"2.
2026-08-22T13:10:04.931Z >> {"jsonrpc":"2.0","id":0,"result":{"protocolVersion":"2024-11-05","capabilities":{"tools":{}},"serverInfo":{"name":"agentfarm2-game","version":"0.1.0"}}}
2026-08-22T13:10:06.072Z === MCP server 启动 (pid 29852) ===
2026-08-22T13:10:06.080Z msg: {"method":"initialize","params":{"protocolVersion":"2025-11-25","capabilities":{"sampling":{"tools":{}},"elicitation":{"form":{},"url":{}}},"clientInfo":{"name":"mcp","version":"0.1.0"}},"jsonrpc":"2.
2026-08-22T13:10:06.081Z >> {"jsonrpc":"2.0","id":0,"result":{"protocolVersion":"2024-11-05","capabilities":{"tools":{}},"serverInfo":{"name":"agentfarm2-game","version":"0.1.0"}}}
2026-08-22T13:10:08.477Z === MCP server 启动 (pid 4708) ===
2026-08-22T13:10:08.484Z msg: {"method":"initialize","params":{"protocolVersion":"2025-11-25","capabilities":{"sampling":{"tools":{}},"elicitation":{"form":{},"url":{}}},"clientInfo":{"name":"mcp","version":"0.1.0"}},"jsonrpc":"2.
2026-08-22T13:10:08.485Z >> {"jsonrpc":"2.0","id":0,"result":{"protocolVersion":"2024-11-05","capabilities":{"tools":{}},"serverInfo":{"name":"agentfarm2-game","version":"0.1.0"}}}
2026-08-22T13:10:12.868Z === MCP server 启动 (pid 30528) ===
2026-08-22T13:10:12.875Z msg: {"method":"initialize","params":{"protocolVersion":"2025-11-25","capabilities":{"sampling":{"tools":{}},"elicitation":{"form":{},"url":{}}},"clientInfo":{"name":"mcp","version":"0.1.0"}},"jsonrpc":"2.
2026-08-22T13:10:12.875Z >> {"jsonrpc":"2.0","id":0,"result":{"protocolVersion":"2024-11-05","capabilities":{"tools":{}},"serverInfo":{"name":"agentfarm2-game","version":"0.1.0"}}}
2026-08-22T13:15:13.139Z === MCP server 启动 (pid 28580) ===
2026-08-22T13:15:13.146Z msg: {"method":"initialize","params":{"protocolVersion":"2025-11-25","capabilities":{"sampling":{"tools":{}},"elicitation":{"form":{},"url":{}}},"clientInfo":{"name":"mcp","version":"0.1.0"}},"jsonrpc":"2.
2026-08-22T13:15:13.146Z >> {"jsonrpc":"2.0","id":0,"result":{"protocolVersion":"2024-11-05","capabilities":{"tools":{}},"serverInfo":{"name":"agentfarm2-game","version":"0.1.0"}}}
2026-08-22T13:15:14.399Z === MCP server 启动 (pid 19104) ===
2026-08-22T13:15:14.406Z msg: {"method":"initialize","params":{"protocolVersion":"2025-11-25","capabilities":{"sampling":{"tools":{}},"elicitation":{"form":{},"url":{}}},"clientInfo":{"name":"mcp","version":"0.1.0"}},"jsonrpc":"2.
2026-08-22T13:15:14.407Z >> {"jsonrpc":"2.0","id":0,"result":{"protocolVersion":"2024-11-05","capabilities":{"tools":{}},"serverInfo":{"name":"agentfarm2-game","version":"0.1.0"}}}
2026-08-22T13:15:16.558Z === MCP server 启动 (pid 39812) ===
2026-08-22T13:15:16.568Z msg: {"method":"initialize","params":{"protocolVersion":"2025-11-25","capabilities":{"sampling":{"tools":{}},"elicitation":{"form":{},"url":{}}},"clientInfo":{"name":"mcp","version":"0.1.0"}},"jsonrpc":"2.
2026-08-22T13:15:16.568Z >> {"jsonrpc":"2.0","id":0,"result":{"protocolVersion":"2024-11-05","capabilities":{"tools":{}},"serverInfo":{"name":"agentfarm2-game","version":"0.1.0"}}}
2026-08-22T13:15:20.140Z === MCP server 启动 (pid 28400) ===
2026-08-22T13:15:20.148Z msg: {"method":"initialize","params":{"protocolVersion":"2025-11-25","capabilities":{"sampling":{"tools":{}},"elicitation":{"form":{},"url":{}}},"clientInfo":{"name":"mcp","version":"0.1.0"}},"jsonrpc":"2.
2026-08-22T13:15:20.148Z >> {"jsonrpc":"2.0","id":0,"result":{"protocolVersion":"2024-11-05","capabilities":{"tools":{}},"serverInfo":{"name":"agentfarm2-game","version":"0.1.0"}}}
2026-08-22T13:20:20.413Z === MCP server 启动 (pid 36188) ===
2026-08-22T13:20:20.420Z msg: {"method":"initialize","params":{"protocolVersion":"2025-11-25","capabilities":{"sampling":{"tools":{}},"elicitation":{"form":{},"url":{}}},"clientInfo":{"name":"mcp","version":"0.1.0"}},"jsonrpc":"2.
2026-08-22T13:20:20.421Z >> {"jsonrpc":"2.0","id":0,"result":{"protocolVersion":"2024-11-05","capabilities":{"tools":{}},"serverInfo":{"name":"agentfarm2-game","version":"0.1.0"}}}
2026-08-22T13:20:21.607Z === MCP server 启动 (pid 31300) ===
2026-08-22T13:20:21.614Z msg: {"method":"initialize","params":{"protocolVersion":"2025-11-25","capabilities":{"sampling":{"tools":{}},"elicitation":{"form":{},"url":{}}},"clientInfo":{"name":"mcp","version":"0.1.0"}},"jsonrpc":"2.
2026-08-22T13:20:21.614Z >> {"jsonrpc":"2.0","id":0,"result":{"protocolVersion":"2024-11-05","capabilities":{"tools":{}},"serverInfo":{"name":"agentfarm2-game","version":"0.1.0"}}}
2026-08-22T13:20:24.201Z === MCP server 启动 (pid 10552) ===
2026-08-22T13:20:24.208Z msg: {"method":"initialize","params":{"protocolVersion":"2025-11-25","capabilities":{"sampling":{"tools":{}},"elicitation":{"form":{},"url":{}}},"clientInfo":{"name":"mcp","version":"0.1.0"}},"jsonrpc":"2.
2026-08-22T13:20:24.209Z >> {"jsonrpc":"2.0","id":0,"result":{"protocolVersion":"2024-11-05","capabilities":{"tools":{}},"serverInfo":{"name":"agentfarm2-game","version":"0.1.0"}}}
2026-08-22T13:20:27.997Z === MCP server 启动 (pid 15656) ===
2026-08-22T13:20:28.004Z msg: {"method":"initialize","params":{"protocolVersion":"2025-11-25","capabilities":{"sampling":{"tools":{}},"elicitation":{"form":{},"url":{}}},"clientInfo":{"name":"mcp","version":"0.1.0"}},"jsonrpc":"2.
2026-08-22T13:20:28.005Z >> {"jsonrpc":"2.0","id":0,"result":{"protocolVersion":"2024-11-05","capabilities":{"tools":{}},"serverInfo":{"name":"agentfarm2-game","version":"0.1.0"}}}
2026-08-22T13:20:28.006Z msg: {"method":"notifications/initialized","jsonrpc":"2.0"}
2026-08-22T13:20:28.007Z msg: {"method":"tools/list","jsonrpc":"2.0","id":1}
2026-08-22T13:20:28.007Z >> {"jsonrpc":"2.0","id":1,"result":{"tools":[{"name":"game_observe","description":"查看当前游戏世界状态：场景/位置/天数/时间/天气/金币/背包物品/NPC好感/在线玩家。返回 JSON。","inputSchema":{"type":"o
2026-08-22T13:23:28.153Z === MCP server 启动 (pid 14544) ===
2026-08-22T13:23:28.160Z msg: {"method":"initialize","params":{"protocolVersion":"2025-11-25","capabilities":{"sampling":{"tools":{}},"elicitation":{"form":{},"url":{}}},"clientInfo":{"name":"mcp","version":"0.1.0"}},"jsonrpc":"2.
2026-08-22T13:23:28.160Z >> {"jsonrpc":"2.0","id":0,"result":{"protocolVersion":"2024-11-05","capabilities":{"tools":{}},"serverInfo":{"name":"agentfarm2-game","version":"0.1.0"}}}
2026-08-22T13:28:28.441Z === MCP server 启动 (pid 30972) ===
2026-08-22T13:28:28.450Z msg: {"method":"initialize","params":{"protocolVersion":"2025-11-25","capabilities":{"sampling":{"tools":{}},"elicitation":{"form":{},"url":{}}},"clientInfo":{"name":"mcp","version":"0.1.0"}},"jsonrpc":"2.
2026-08-22T13:28:28.450Z >> {"jsonrpc":"2.0","id":0,"result":{"protocolVersion":"2024-11-05","capabilities":{"tools":{}},"serverInfo":{"name":"agentfarm2-game","version":"0.1.0"}}}
2026-08-22T13:28:29.638Z === MCP server 启动 (pid 4832) ===
2026-08-22T13:28:29.645Z msg: {"method":"initialize","params":{"protocolVersion":"2025-11-25","capabilities":{"sampling":{"tools":{}},"elicitation":{"form":{},"url":{}}},"clientInfo":{"name":"mcp","version":"0.1.0"}},"jsonrpc":"2.
2026-08-22T13:28:29.646Z >> {"jsonrpc":"2.0","id":0,"result":{"protocolVersion":"2024-11-05","capabilities":{"tools":{}},"serverInfo":{"name":"agentfarm2-game","version":"0.1.0"}}}
2026-08-22T13:28:29.651Z msg: {"method":"notifications/initialized","jsonrpc":"2.0"}
2026-08-22T13:28:29.660Z msg: {"method":"tools/list","jsonrpc":"2.0","id":1}
2026-08-22T13:28:29.661Z >> {"jsonrpc":"2.0","id":1,"result":{"tools":[{"name":"game_observe","description":"查看当前游戏世界状态：场景/位置/天数/时间/天气/金币/背包物品/NPC好感/在线玩家。返回 JSON。","inputSchema":{"type":"o
2026-08-22T13:31:29.816Z === MCP server 启动 (pid 26656) ===
2026-08-22T13:31:29.823Z msg: {"method":"initialize","params":{"protocolVersion":"2025-11-25","capabilities":{"sampling":{"tools":{}},"elicitation":{"form":{},"url":{}}},"clientInfo":{"name":"mcp","version":"0.1.0"}},"jsonrpc":"2.
2026-08-22T13:31:29.823Z >> {"jsonrpc":"2.0","id":0,"result":{"protocolVersion":"2024-11-05","capabilities":{"tools":{}},"serverInfo":{"name":"agentfarm2-game","version":"0.1.0"}}}
2026-08-22T13:31:31.817Z === MCP server 启动 (pid 8360) ===
2026-08-22T13:31:31.824Z msg: {"method":"initialize","params":{"protocolVersion":"2025-11-25","capabilities":{"sampling":{"tools":{}},"elicitation":{"form":{},"url":{}}},"clientInfo":{"name":"mcp","version":"0.1.0"}},"jsonrpc":"2.
2026-08-22T13:31:31.825Z >> {"jsonrpc":"2.0","id":0,"result":{"protocolVersion":"2024-11-05","capabilities":{"tools":{}},"serverInfo":{"name":"agentfarm2-game","version":"0.1.0"}}}
2026-08-22T13:31:36.263Z === MCP server 启动 (pid 15616) ===
2026-08-22T13:31:36.270Z msg: {"method":"initialize","params":{"protocolVersion":"2025-11-25","capabilities":{"sampling":{"tools":{}},"elicitation":{"form":{},"url":{}}},"clientInfo":{"name":"mcp","version":"0.1.0"}},"jsonrpc":"2.
2026-08-22T13:31:36.271Z >> {"jsonrpc":"2.0","id":0,"result":{"protocolVersion":"2024-11-05","capabilities":{"tools":{}},"serverInfo":{"name":"agentfarm2-game","version":"0.1.0"}}}
2026-08-22T13:36:36.538Z === MCP server 启动 (pid 33028) ===
2026-08-22T13:36:36.544Z msg: {"method":"initialize","params":{"protocolVersion":"2025-11-25","capabilities":{"sampling":{"tools":{}},"elicitation":{"form":{},"url":{}}},"clientInfo":{"name":"mcp","version":"0.1.0"}},"jsonrpc":"2.
2026-08-22T13:36:36.545Z >> {"jsonrpc":"2.0","id":0,"result":{"protocolVersion":"2024-11-05","capabilities":{"tools":{}},"serverInfo":{"name":"agentfarm2-game","version":"0.1.0"}}}
2026-08-22T13:36:37.762Z === MCP server 启动 (pid 10420) ===
2026-08-22T13:36:37.771Z msg: {"method":"initialize","params":{"protocolVersion":"2025-11-25","capabilities":{"sampling":{"tools":{}},"elicitation":{"form":{},"url":{}}},"clientInfo":{"name":"mcp","version":"0.1.0"}},"jsonrpc":"2.
2026-08-22T13:36:37.772Z >> {"jsonrpc":"2.0","id":0,"result":{"protocolVersion":"2024-11-05","capabilities":{"tools":{}},"serverInfo":{"name":"agentfarm2-game","version":"0.1.0"}}}
2026-08-22T13:36:40.224Z === MCP server 启动 (pid 29492) ===
2026-08-22T13:36:40.231Z msg: {"method":"initialize","params":{"protocolVersion":"2025-11-25","capabilities":{"sampling":{"tools":{}},"elicitation":{"form":{},"url":{}}},"clientInfo":{"name":"mcp","version":"0.1.0"}},"jsonrpc":"2.
2026-08-22T13:36:40.231Z >> {"jsonrpc":"2.0","id":0,"result":{"protocolVersion":"2024-11-05","capabilities":{"tools":{}},"serverInfo":{"name":"agentfarm2-game","version":"0.1.0"}}}
2026-08-22T13:36:45.076Z === MCP server 启动 (pid 24108) ===
2026-08-22T13:36:45.083Z msg: {"method":"initialize","params":{"protocolVersion":"2025-11-25","capabilities":{"sampling":{"tools":{}},"elicitation":{"form":{},"url":{}}},"clientInfo":{"name":"mcp","version":"0.1.0"}},"jsonrpc":"2.
2026-08-22T13:36:45.084Z >> {"jsonrpc":"2.0","id":0,"result":{"protocolVersion":"2024-11-05","capabilities":{"tools":{}},"serverInfo":{"name":"agentfarm2-game","version":"0.1.0"}}}
2026-08-22T13:41:45.375Z === MCP server 启动 (pid 2928) ===
2026-08-22T13:41:45.382Z msg: {"method":"initialize","params":{"protocolVersion":"2025-11-25","capabilities":{"sampling":{"tools":{}},"elicitation":{"form":{},"url":{}}},"clientInfo":{"name":"mcp","version":"0.1.0"}},"jsonrpc":"2.
2026-08-22T13:41:45.382Z >> {"jsonrpc":"2.0","id":0,"result":{"protocolVersion":"2024-11-05","capabilities":{"tools":{}},"serverInfo":{"name":"agentfarm2-game","version":"0.1.0"}}}
2026-08-22T13:41:46.560Z === MCP server 启动 (pid 9676) ===
2026-08-22T13:41:46.566Z msg: {"method":"initialize","params":{"protocolVersion":"2025-11-25","capabilities":{"sampling":{"tools":{}},"elicitation":{"form":{},"url":{}}},"clientInfo":{"name":"mcp","version":"0.1.0"}},"jsonrpc":"2.
2026-08-22T13:41:46.567Z >> {"jsonrpc":"2.0","id":0,"result":{"protocolVersion":"2024-11-05","capabilities":{"tools":{}},"serverInfo":{"name":"agentfarm2-game","version":"0.1.0"}}}
2026-08-22T13:41:49.193Z === MCP server 启动 (pid 32488) ===
2026-08-22T13:41:49.201Z msg: {"method":"initialize","params":{"protocolVersion":"2025-11-25","capabilities":{"sampling":{"tools":{}},"elicitation":{"form":{},"url":{}}},"clientInfo":{"name":"mcp","version":"0.1.0"}},"jsonrpc":"2.
2026-08-22T13:41:49.201Z >> {"jsonrpc":"2.0","id":0,"result":{"protocolVersion":"2024-11-05","capabilities":{"tools":{}},"serverInfo":{"name":"agentfarm2-game","version":"0.1.0"}}}
2026-08-22T13:41:54.002Z === MCP server 启动 (pid 11980) ===
2026-08-22T13:41:54.009Z msg: {"method":"initialize","params":{"protocolVersion":"2025-11-25","capabilities":{"sampling":{"tools":{}},"elicitation":{"form":{},"url":{}}},"clientInfo":{"name":"mcp","version":"0.1.0"}},"jsonrpc":"2.
2026-08-22T13:41:54.009Z >> {"jsonrpc":"2.0","id":0,"result":{"protocolVersion":"2024-11-05","capabilities":{"tools":{}},"serverInfo":{"name":"agentfarm2-game","version":"0.1.0"}}}
2026-08-22T13:46:54.295Z === MCP server 启动 (pid 22708) ===
2026-08-22T13:46:54.302Z msg: {"method":"initialize","params":{"protocolVersion":"2025-11-25","capabilities":{"sampling":{"tools":{}},"elicitation":{"form":{},"url":{}}},"clientInfo":{"name":"mcp","version":"0.1.0"}},"jsonrpc":"2.
2026-08-22T13:46:54.303Z >> {"jsonrpc":"2.0","id":0,"result":{"protocolVersion":"2024-11-05","capabilities":{"tools":{}},"serverInfo":{"name":"agentfarm2-game","version":"0.1.0"}}}
2026-08-22T13:46:55.545Z === MCP server 启动 (pid 27388) ===
2026-08-22T13:46:55.552Z msg: {"method":"initialize","params":{"protocolVersion":"2025-11-25","capabilities":{"sampling":{"tools":{}},"elicitation":{"form":{},"url":{}}},"clientInfo":{"name":"mcp","version":"0.1.0"}},"jsonrpc":"2.
2026-08-22T13:46:55.552Z >> {"jsonrpc":"2.0","id":0,"result":{"protocolVersion":"2024-11-05","capabilities":{"tools":{}},"serverInfo":{"name":"agentfarm2-game","version":"0.1.0"}}}
2026-08-22T13:46:58.111Z === MCP server 启动 (pid 16348) ===
2026-08-22T13:46:58.118Z msg: {"method":"initialize","params":{"protocolVersion":"2025-11-25","capabilities":{"sampling":{"tools":{}},"elicitation":{"form":{},"url":{}}},"clientInfo":{"name":"mcp","version":"0.1.0"}},"jsonrpc":"2.
2026-08-22T13:46:58.119Z >> {"jsonrpc":"2.0","id":0,"result":{"protocolVersion":"2024-11-05","capabilities":{"tools":{}},"serverInfo":{"name":"agentfarm2-game","version":"0.1.0"}}}
2026-08-22T13:47:02.435Z === MCP server 启动 (pid 14588) ===
2026-08-22T13:47:02.442Z msg: {"method":"initialize","params":{"protocolVersion":"2025-11-25","capabilities":{"sampling":{"tools":{}},"elicitation":{"form":{},"url":{}}},"clientInfo":{"name":"mcp","version":"0.1.0"}},"jsonrpc":"2.
2026-08-22T13:47:02.442Z >> {"jsonrpc":"2.0","id":0,"result":{"protocolVersion":"2024-11-05","capabilities":{"tools":{}},"serverInfo":{"name":"agentfarm2-game","version":"0.1.0"}}}
2026-08-22T13:52:02.721Z === MCP server 启动 (pid 18084) ===
2026-08-22T13:52:02.728Z msg: {"method":"initialize","params":{"protocolVersion":"2025-11-25","capabilities":{"sampling":{"tools":{}},"elicitation":{"form":{},"url":{}}},"clientInfo":{"name":"mcp","version":"0.1.0"}},"jsonrpc":"2.
2026-08-22T13:52:02.728Z >> {"jsonrpc":"2.0","id":0,"result":{"protocolVersion":"2024-11-05","capabilities":{"tools":{}},"serverInfo":{"name":"agentfarm2-game","version":"0.1.0"}}}
2026-08-22T13:52:04.158Z === MCP server 启动 (pid 24888) ===
2026-08-22T13:52:04.166Z msg: {"method":"initialize","params":{"protocolVersion":"2025-11-25","capabilities":{"sampling":{"tools":{}},"elicitation":{"form":{},"url":{}}},"clientInfo":{"name":"mcp","version":"0.1.0"}},"jsonrpc":"2.
2026-08-22T13:52:04.166Z >> {"jsonrpc":"2.0","id":0,"result":{"protocolVersion":"2024-11-05","capabilities":{"tools":{}},"serverInfo":{"name":"agentfarm2-game","version":"0.1.0"}}}
2026-08-22T13:52:06.699Z === MCP server 启动 (pid 26308) ===
2026-08-22T13:52:06.706Z msg: {"method":"initialize","params":{"protocolVersion":"2025-11-25","capabilities":{"sampling":{"tools":{}},"elicitation":{"form":{},"url":{}}},"clientInfo":{"name":"mcp","version":"0.1.0"}},"jsonrpc":"2.
2026-08-22T13:52:06.707Z >> {"jsonrpc":"2.0","id":0,"result":{"protocolVersion":"2024-11-05","capabilities":{"tools":{}},"serverInfo":{"name":"agentfarm2-game","version":"0.1.0"}}}
2026-08-22T13:52:11.430Z === MCP server 启动 (pid 2540) ===
2026-08-22T13:52:11.437Z msg: {"method":"initialize","params":{"protocolVersion":"2025-11-25","capabilities":{"sampling":{"tools":{}},"elicitation":{"form":{},"url":{}}},"clientInfo":{"name":"mcp","version":"0.1.0"}},"jsonrpc":"2.
2026-08-22T13:52:11.437Z >> {"jsonrpc":"2.0","id":0,"result":{"protocolVersion":"2024-11-05","capabilities":{"tools":{}},"serverInfo":{"name":"agentfarm2-game","version":"0.1.0"}}}
2026-08-22T13:57:11.722Z === MCP server 启动 (pid 8592) ===
2026-08-22T13:57:11.729Z msg: {"method":"initialize","params":{"protocolVersion":"2025-11-25","capabilities":{"sampling":{"tools":{}},"elicitation":{"form":{},"url":{}}},"clientInfo":{"name":"mcp","version":"0.1.0"}},"jsonrpc":"2.
2026-08-22T13:57:11.730Z >> {"jsonrpc":"2.0","id":0,"result":{"protocolVersion":"2024-11-05","capabilities":{"tools":{}},"serverInfo":{"name":"agentfarm2-game","version":"0.1.0"}}}
2026-08-22T13:57:13.166Z === MCP server 启动 (pid 8884) ===
2026-08-22T13:57:13.174Z msg: {"method":"initialize","params":{"protocolVersion":"2025-11-25","capabilities":{"sampling":{"tools":{}},"elicitation":{"form":{},"url":{}}},"clientInfo":{"name":"mcp","version":"0.1.0"}},"jsonrpc":"2.
2026-08-22T13:57:13.174Z >> {"jsonrpc":"2.0","id":0,"result":{"protocolVersion":"2024-11-05","capabilities":{"tools":{}},"serverInfo":{"name":"agentfarm2-game","version":"0.1.0"}}}
2026-08-22T13:57:15.398Z === MCP server 启动 (pid 14952) ===
2026-08-22T13:57:15.405Z msg: {"method":"initialize","params":{"protocolVersion":"2025-11-25","capabilities":{"sampling":{"tools":{}},"elicitation":{"form":{},"url":{}}},"clientInfo":{"name":"mcp","version":"0.1.0"}},"jsonrpc":"2.
2026-08-22T13:57:15.405Z >> {"jsonrpc":"2.0","id":0,"result":{"protocolVersion":"2024-11-05","capabilities":{"tools":{}},"serverInfo":{"name":"agentfarm2-game","version":"0.1.0"}}}
2026-08-22T13:57:19.249Z === MCP server 启动 (pid 10752) ===
2026-08-22T13:57:19.256Z msg: {"method":"initialize","params":{"protocolVersion":"2025-11-25","capabilities":{"sampling":{"tools":{}},"elicitation":{"form":{},"url":{}}},"clientInfo":{"name":"mcp","version":"0.1.0"}},"jsonrpc":"2.
2026-08-22T13:57:19.256Z >> {"jsonrpc":"2.0","id":0,"result":{"protocolVersion":"2024-11-05","capabilities":{"tools":{}},"serverInfo":{"name":"agentfarm2-game","version":"0.1.0"}}}
2026-08-22T14:02:19.545Z === MCP server 启动 (pid 8476) ===
2026-08-22T14:02:19.553Z msg: {"method":"initialize","params":{"protocolVersion":"2025-11-25","capabilities":{"sampling":{"tools":{}},"elicitation":{"form":{},"url":{}}},"clientInfo":{"name":"mcp","version":"0.1.0"}},"jsonrpc":"2.
2026-08-22T14:02:19.554Z >> {"jsonrpc":"2.0","id":0,"result":{"protocolVersion":"2024-11-05","capabilities":{"tools":{}},"serverInfo":{"name":"agentfarm2-game","version":"0.1.0"}}}
2026-08-22T14:02:20.709Z === MCP server 启动 (pid 24432) ===
2026-08-22T14:02:20.716Z msg: {"method":"initialize","params":{"protocolVersion":"2025-11-25","capabilities":{"sampling":{"tools":{}},"elicitation":{"form":{},"url":{}}},"clientInfo":{"name":"mcp","version":"0.1.0"}},"jsonrpc":"2.
2026-08-22T14:02:20.717Z >> {"jsonrpc":"2.0","id":0,"result":{"protocolVersion":"2024-11-05","capabilities":{"tools":{}},"serverInfo":{"name":"agentfarm2-game","version":"0.1.0"}}}
2026-08-22T14:02:22.631Z === MCP server 启动 (pid 2788) ===
2026-08-22T14:02:22.638Z msg: {"method":"initialize","params":{"protocolVersion":"2025-11-25","capabilities":{"sampling":{"tools":{}},"elicitation":{"form":{},"url":{}}},"clientInfo":{"name":"mcp","version":"0.1.0"}},"jsonrpc":"2.
2026-08-22T14:02:22.639Z >> {"jsonrpc":"2.0","id":0,"result":{"protocolVersion":"2024-11-05","capabilities":{"tools":{}},"serverInfo":{"name":"agentfarm2-game","version":"0.1.0"}}}
2026-08-22T14:02:26.770Z === MCP server 启动 (pid 19260) ===
2026-08-22T14:02:26.777Z msg: {"method":"initialize","params":{"protocolVersion":"2025-11-25","capabilities":{"sampling":{"tools":{}},"elicitation":{"form":{},"url":{}}},"clientInfo":{"name":"mcp","version":"0.1.0"}},"jsonrpc":"2.
2026-08-22T14:02:26.778Z >> {"jsonrpc":"2.0","id":0,"result":{"protocolVersion":"2024-11-05","capabilities":{"tools":{}},"serverInfo":{"name":"agentfarm2-game","version":"0.1.0"}}}
2026-08-22T14:07:27.049Z === MCP server 启动 (pid 34736) ===
2026-08-22T14:07:27.056Z msg: {"method":"initialize","params":{"protocolVersion":"2025-11-25","capabilities":{"sampling":{"tools":{}},"elicitation":{"form":{},"url":{}}},"clientInfo":{"name":"mcp","version":"0.1.0"}},"jsonrpc":"2.
2026-08-22T14:07:27.057Z >> {"jsonrpc":"2.0","id":0,"result":{"protocolVersion":"2024-11-05","capabilities":{"tools":{}},"serverInfo":{"name":"agentfarm2-game","version":"0.1.0"}}}
2026-08-22T14:07:28.143Z === MCP server 启动 (pid 28348) ===
2026-08-22T14:07:28.150Z msg: {"method":"initialize","params":{"protocolVersion":"2025-11-25","capabilities":{"sampling":{"tools":{}},"elicitation":{"form":{},"url":{}}},"clientInfo":{"name":"mcp","version":"0.1.0"}},"jsonrpc":"2.
2026-08-22T14:07:28.151Z >> {"jsonrpc":"2.0","id":0,"result":{"protocolVersion":"2024-11-05","capabilities":{"tools":{}},"serverInfo":{"name":"agentfarm2-game","version":"0.1.0"}}}
2026-08-22T14:07:30.258Z === MCP server 启动 (pid 39280) ===
2026-08-22T14:07:30.266Z msg: {"method":"initialize","params":{"protocolVersion":"2025-11-25","capabilities":{"sampling":{"tools":{}},"elicitation":{"form":{},"url":{}}},"clientInfo":{"name":"mcp","version":"0.1.0"}},"jsonrpc":"2.
2026-08-22T14:07:30.267Z >> {"jsonrpc":"2.0","id":0,"result":{"protocolVersion":"2024-11-05","capabilities":{"tools":{}},"serverInfo":{"name":"agentfarm2-game","version":"0.1.0"}}}
2026-08-22T14:07:34.801Z === MCP server 启动 (pid 32176) ===
2026-08-22T14:07:34.808Z msg: {"method":"initialize","params":{"protocolVersion":"2025-11-25","capabilities":{"sampling":{"tools":{}},"elicitation":{"form":{},"url":{}}},"clientInfo":{"name":"mcp","version":"0.1.0"}},"jsonrpc":"2.
2026-08-22T14:07:34.809Z >> {"jsonrpc":"2.0","id":0,"result":{"protocolVersion":"2024-11-05","capabilities":{"tools":{}},"serverInfo":{"name":"agentfarm2-game","version":"0.1.0"}}}
2026-08-22T14:12:35.095Z === MCP server 启动 (pid 25896) ===
2026-08-22T14:12:35.101Z msg: {"method":"initialize","params":{"protocolVersion":"2025-11-25","capabilities":{"sampling":{"tools":{}},"elicitation":{"form":{},"url":{}}},"clientInfo":{"name":"mcp","version":"0.1.0"}},"jsonrpc":"2.
2026-08-22T14:12:35.102Z >> {"jsonrpc":"2.0","id":0,"result":{"protocolVersion":"2024-11-05","capabilities":{"tools":{}},"serverInfo":{"name":"agentfarm2-game","version":"0.1.0"}}}
2026-08-22T14:12:36.437Z === MCP server 启动 (pid 35572) ===
2026-08-22T14:12:36.445Z msg: {"method":"initialize","params":{"protocolVersion":"2025-11-25","capabilities":{"sampling":{"tools":{}},"elicitation":{"form":{},"url":{}}},"clientInfo":{"name":"mcp","version":"0.1.0"}},"jsonrpc":"2.
2026-08-22T14:12:36.445Z >> {"jsonrpc":"2.0","id":0,"result":{"protocolVersion":"2024-11-05","capabilities":{"tools":{}},"serverInfo":{"name":"agentfarm2-game","version":"0.1.0"}}}
2026-08-22T14:12:38.756Z === MCP server 启动 (pid 34568) ===
2026-08-22T14:12:38.764Z msg: {"method":"initialize","params":{"protocolVersion":"2025-11-25","capabilities":{"sampling":{"tools":{}},"elicitation":{"form":{},"url":{}}},"clientInfo":{"name":"mcp","version":"0.1.0"}},"jsonrpc":"2.
2026-08-22T14:12:38.765Z >> {"jsonrpc":"2.0","id":0,"result":{"protocolVersion":"2024-11-05","capabilities":{"tools":{}},"serverInfo":{"name":"agentfarm2-game","version":"0.1.0"}}}
2026-08-22T14:12:43.448Z === MCP server 启动 (pid 16436) ===
2026-08-22T14:12:43.456Z msg: {"method":"initialize","params":{"protocolVersion":"2025-11-25","capabilities":{"sampling":{"tools":{}},"elicitation":{"form":{},"url":{}}},"clientInfo":{"name":"mcp","version":"0.1.0"}},"jsonrpc":"2.
2026-08-22T14:12:43.456Z >> {"jsonrpc":"2.0","id":0,"result":{"protocolVersion":"2024-11-05","capabilities":{"tools":{}},"serverInfo":{"name":"agentfarm2-game","version":"0.1.0"}}}
2026-08-22T14:17:43.728Z === MCP server 启动 (pid 33948) ===
2026-08-22T14:17:43.736Z msg: {"method":"initialize","params":{"protocolVersion":"2025-11-25","capabilities":{"sampling":{"tools":{}},"elicitation":{"form":{},"url":{}}},"clientInfo":{"name":"mcp","version":"0.1.0"}},"jsonrpc":"2.
2026-08-22T14:17:43.736Z >> {"jsonrpc":"2.0","id":0,"result":{"protocolVersion":"2024-11-05","capabilities":{"tools":{}},"serverInfo":{"name":"agentfarm2-game","version":"0.1.0"}}}
2026-08-22T14:17:45.137Z === MCP server 启动 (pid 6012) ===
2026-08-22T14:17:45.144Z msg: {"method":"initialize","params":{"protocolVersion":"2025-11-25","capabilities":{"sampling":{"tools":{}},"elicitation":{"form":{},"url":{}}},"clientInfo":{"name":"mcp","version":"0.1.0"}},"jsonrpc":"2.
2026-08-22T14:17:45.145Z >> {"jsonrpc":"2.0","id":0,"result":{"protocolVersion":"2024-11-05","capabilities":{"tools":{}},"serverInfo":{"name":"agentfarm2-game","version":"0.1.0"}}}
2026-08-22T14:17:47.208Z === MCP server 启动 (pid 33184) ===
2026-08-22T14:17:47.216Z msg: {"method":"initialize","params":{"protocolVersion":"2025-11-25","capabilities":{"sampling":{"tools":{}},"elicitation":{"form":{},"url":{}}},"clientInfo":{"name":"mcp","version":"0.1.0"}},"jsonrpc":"2.
2026-08-22T14:17:47.217Z >> {"jsonrpc":"2.0","id":0,"result":{"protocolVersion":"2024-11-05","capabilities":{"tools":{}},"serverInfo":{"name":"agentfarm2-game","version":"0.1.0"}}}
2026-08-22T14:17:50.971Z === MCP server 启动 (pid 30164) ===
2026-08-22T14:17:50.978Z msg: {"method":"initialize","params":{"protocolVersion":"2025-11-25","capabilities":{"sampling":{"tools":{}},"elicitation":{"form":{},"url":{}}},"clientInfo":{"name":"mcp","version":"0.1.0"}},"jsonrpc":"2.
2026-08-22T14:17:50.979Z >> {"jsonrpc":"2.0","id":0,"result":{"protocolVersion":"2024-11-05","capabilities":{"tools":{}},"serverInfo":{"name":"agentfarm2-game","version":"0.1.0"}}}
2026-08-22T14:22:51.251Z === MCP server 启动 (pid 11560) ===
2026-08-22T14:22:51.258Z msg: {"method":"initialize","params":{"protocolVersion":"2025-11-25","capabilities":{"sampling":{"tools":{}},"elicitation":{"form":{},"url":{}}},"clientInfo":{"name":"mcp","version":"0.1.0"}},"jsonrpc":"2.
2026-08-22T14:22:51.259Z >> {"jsonrpc":"2.0","id":0,"result":{"protocolVersion":"2024-11-05","capabilities":{"tools":{}},"serverInfo":{"name":"agentfarm2-game","version":"0.1.0"}}}
2026-08-22T14:22:52.503Z === MCP server 启动 (pid 30972) ===
2026-08-22T14:22:52.510Z msg: {"method":"initialize","params":{"protocolVersion":"2025-11-25","capabilities":{"sampling":{"tools":{}},"elicitation":{"form":{},"url":{}}},"clientInfo":{"name":"mcp","version":"0.1.0"}},"jsonrpc":"2.
2026-08-22T14:22:52.511Z >> {"jsonrpc":"2.0","id":0,"result":{"protocolVersion":"2024-11-05","capabilities":{"tools":{}},"serverInfo":{"name":"agentfarm2-game","version":"0.1.0"}}}
2026-08-22T14:22:54.665Z === MCP server 启动 (pid 31152) ===
2026-08-22T14:22:54.672Z msg: {"method":"initialize","params":{"protocolVersion":"2025-11-25","capabilities":{"sampling":{"tools":{}},"elicitation":{"form":{},"url":{}}},"clientInfo":{"name":"mcp","version":"0.1.0"}},"jsonrpc":"2.
2026-08-22T14:22:54.672Z >> {"jsonrpc":"2.0","id":0,"result":{"protocolVersion":"2024-11-05","capabilities":{"tools":{}},"serverInfo":{"name":"agentfarm2-game","version":"0.1.0"}}}
2026-08-22T14:22:59.712Z === MCP server 启动 (pid 18068) ===
2026-08-22T14:22:59.718Z msg: {"method":"initialize","params":{"protocolVersion":"2025-11-25","capabilities":{"sampling":{"tools":{}},"elicitation":{"form":{},"url":{}}},"clientInfo":{"name":"mcp","version":"0.1.0"}},"jsonrpc":"2.
2026-08-22T14:22:59.719Z >> {"jsonrpc":"2.0","id":0,"result":{"protocolVersion":"2024-11-05","capabilities":{"tools":{}},"serverInfo":{"name":"agentfarm2-game","version":"0.1.0"}}}
2026-08-22T14:27:59.985Z === MCP server 启动 (pid 8908) ===
2026-08-22T14:27:59.992Z msg: {"method":"initialize","params":{"protocolVersion":"2025-11-25","capabilities":{"sampling":{"tools":{}},"elicitation":{"form":{},"url":{}}},"clientInfo":{"name":"mcp","version":"0.1.0"}},"jsonrpc":"2.
2026-08-22T14:27:59.992Z >> {"jsonrpc":"2.0","id":0,"result":{"protocolVersion":"2024-11-05","capabilities":{"tools":{}},"serverInfo":{"name":"agentfarm2-game","version":"0.1.0"}}}
2026-08-22T14:28:01.447Z === MCP server 启动 (pid 22456) ===
2026-08-22T14:28:01.454Z msg: {"method":"initialize","params":{"protocolVersion":"2025-11-25","capabilities":{"sampling":{"tools":{}},"elicitation":{"form":{},"url":{}}},"clientInfo":{"name":"mcp","version":"0.1.0"}},"jsonrpc":"2.
2026-08-22T14:28:01.455Z >> {"jsonrpc":"2.0","id":0,"result":{"protocolVersion":"2024-11-05","capabilities":{"tools":{}},"serverInfo":{"name":"agentfarm2-game","version":"0.1.0"}}}
2026-08-22T14:28:03.331Z === MCP server 启动 (pid 21436) ===
2026-08-22T14:28:03.338Z msg: {"method":"initialize","params":{"protocolVersion":"2025-11-25","capabilities":{"sampling":{"tools":{}},"elicitation":{"form":{},"url":{}}},"clientInfo":{"name":"mcp","version":"0.1.0"}},"jsonrpc":"2.
2026-08-22T14:28:03.339Z >> {"jsonrpc":"2.0","id":0,"result":{"protocolVersion":"2024-11-05","capabilities":{"tools":{}},"serverInfo":{"name":"agentfarm2-game","version":"0.1.0"}}}
2026-08-22T14:28:07.547Z === MCP server 启动 (pid 26136) ===
2026-08-22T14:28:07.554Z msg: {"method":"initialize","params":{"protocolVersion":"2025-11-25","capabilities":{"sampling":{"tools":{}},"elicitation":{"form":{},"url":{}}},"clientInfo":{"name":"mcp","version":"0.1.0"}},"jsonrpc":"2.
2026-08-22T14:28:07.555Z >> {"jsonrpc":"2.0","id":0,"result":{"protocolVersion":"2024-11-05","capabilities":{"tools":{}},"serverInfo":{"name":"agentfarm2-game","version":"0.1.0"}}}
2026-08-22T14:33:07.829Z === MCP server 启动 (pid 25592) ===
2026-08-22T14:33:07.836Z msg: {"method":"initialize","params":{"protocolVersion":"2025-11-25","capabilities":{"sampling":{"tools":{}},"elicitation":{"form":{},"url":{}}},"clientInfo":{"name":"mcp","version":"0.1.0"}},"jsonrpc":"2.
2026-08-22T14:33:07.836Z >> {"jsonrpc":"2.0","id":0,"result":{"protocolVersion":"2024-11-05","capabilities":{"tools":{}},"serverInfo":{"name":"agentfarm2-game","version":"0.1.0"}}}
2026-08-22T14:33:09.083Z === MCP server 启动 (pid 12572) ===
2026-08-22T14:33:09.090Z msg: {"method":"initialize","params":{"protocolVersion":"2025-11-25","capabilities":{"sampling":{"tools":{}},"elicitation":{"form":{},"url":{}}},"clientInfo":{"name":"mcp","version":"0.1.0"}},"jsonrpc":"2.
2026-08-22T14:33:09.091Z >> {"jsonrpc":"2.0","id":0,"result":{"protocolVersion":"2024-11-05","capabilities":{"tools":{}},"serverInfo":{"name":"agentfarm2-game","version":"0.1.0"}}}
2026-08-22T14:33:11.014Z === MCP server 启动 (pid 27352) ===
2026-08-22T14:33:11.020Z msg: {"method":"initialize","params":{"protocolVersion":"2025-11-25","capabilities":{"sampling":{"tools":{}},"elicitation":{"form":{},"url":{}}},"clientInfo":{"name":"mcp","version":"0.1.0"}},"jsonrpc":"2.
2026-08-22T14:33:11.021Z >> {"jsonrpc":"2.0","id":0,"result":{"protocolVersion":"2024-11-05","capabilities":{"tools":{}},"serverInfo":{"name":"agentfarm2-game","version":"0.1.0"}}}
2026-08-22T14:33:14.924Z === MCP server 启动 (pid 14688) ===
2026-08-22T14:33:14.931Z msg: {"method":"initialize","params":{"protocolVersion":"2025-11-25","capabilities":{"sampling":{"tools":{}},"elicitation":{"form":{},"url":{}}},"clientInfo":{"name":"mcp","version":"0.1.0"}},"jsonrpc":"2.
2026-08-22T14:33:14.932Z >> {"jsonrpc":"2.0","id":0,"result":{"protocolVersion":"2024-11-05","capabilities":{"tools":{}},"serverInfo":{"name":"agentfarm2-game","version":"0.1.0"}}}
2026-08-22T14:38:15.208Z === MCP server 启动 (pid 35964) ===
2026-08-22T14:38:15.214Z msg: {"method":"initialize","params":{"protocolVersion":"2025-11-25","capabilities":{"sampling":{"tools":{}},"elicitation":{"form":{},"url":{}}},"clientInfo":{"name":"mcp","version":"0.1.0"}},"jsonrpc":"2.
2026-08-22T14:38:15.215Z >> {"jsonrpc":"2.0","id":0,"result":{"protocolVersion":"2024-11-05","capabilities":{"tools":{}},"serverInfo":{"name":"agentfarm2-game","version":"0.1.0"}}}
2026-08-22T14:38:16.548Z === MCP server 启动 (pid 17584) ===
2026-08-22T14:38:16.555Z msg: {"method":"initialize","params":{"protocolVersion":"2025-11-25","capabilities":{"sampling":{"tools":{}},"elicitation":{"form":{},"url":{}}},"clientInfo":{"name":"mcp","version":"0.1.0"}},"jsonrpc":"2.
2026-08-22T14:38:16.555Z >> {"jsonrpc":"2.0","id":0,"result":{"protocolVersion":"2024-11-05","capabilities":{"tools":{}},"serverInfo":{"name":"agentfarm2-game","version":"0.1.0"}}}
2026-08-22T14:38:18.513Z === MCP server 启动 (pid 31016) ===
2026-08-22T14:38:18.520Z msg: {"method":"initialize","params":{"protocolVersion":"2025-11-25","capabilities":{"sampling":{"tools":{}},"elicitation":{"form":{},"url":{}}},"clientInfo":{"name":"mcp","version":"0.1.0"}},"jsonrpc":"2.
2026-08-22T14:38:18.521Z >> {"jsonrpc":"2.0","id":0,"result":{"protocolVersion":"2024-11-05","capabilities":{"tools":{}},"serverInfo":{"name":"agentfarm2-game","version":"0.1.0"}}}
2026-08-22T14:38:22.032Z === MCP server 启动 (pid 6384) ===
2026-08-22T14:38:22.039Z msg: {"method":"initialize","params":{"protocolVersion":"2025-11-25","capabilities":{"sampling":{"tools":{}},"elicitation":{"form":{},"url":{}}},"clientInfo":{"name":"mcp","version":"0.1.0"}},"jsonrpc":"2.
2026-08-22T14:38:22.039Z >> {"jsonrpc":"2.0","id":0,"result":{"protocolVersion":"2024-11-05","capabilities":{"tools":{}},"serverInfo":{"name":"agentfarm2-game","version":"0.1.0"}}}
2026-08-22T14:43:22.306Z === MCP server 启动 (pid 35504) ===
2026-08-22T14:43:22.313Z msg: {"method":"initialize","params":{"protocolVersion":"2025-11-25","capabilities":{"sampling":{"tools":{}},"elicitation":{"form":{},"url":{}}},"clientInfo":{"name":"mcp","version":"0.1.0"}},"jsonrpc":"2.
2026-08-22T14:43:22.313Z >> {"jsonrpc":"2.0","id":0,"result":{"protocolVersion":"2024-11-05","capabilities":{"tools":{}},"serverInfo":{"name":"agentfarm2-game","version":"0.1.0"}}}
2026-08-22T14:43:23.633Z === MCP server 启动 (pid 26268) ===
2026-08-22T14:43:23.639Z msg: {"method":"initialize","params":{"protocolVersion":"2025-11-25","capabilities":{"sampling":{"tools":{}},"elicitation":{"form":{},"url":{}}},"clientInfo":{"name":"mcp","version":"0.1.0"}},"jsonrpc":"2.
2026-08-22T14:43:23.640Z >> {"jsonrpc":"2.0","id":0,"result":{"protocolVersion":"2024-11-05","capabilities":{"tools":{}},"serverInfo":{"name":"agentfarm2-game","version":"0.1.0"}}}
2026-08-22T14:43:26.043Z === MCP server 启动 (pid 21576) ===
2026-08-22T14:43:26.050Z msg: {"method":"initialize","params":{"protocolVersion":"2025-11-25","capabilities":{"sampling":{"tools":{}},"elicitation":{"form":{},"url":{}}},"clientInfo":{"name":"mcp","version":"0.1.0"}},"jsonrpc":"2.
2026-08-22T14:43:26.051Z >> {"jsonrpc":"2.0","id":0,"result":{"protocolVersion":"2024-11-05","capabilities":{"tools":{}},"serverInfo":{"name":"agentfarm2-game","version":"0.1.0"}}}
2026-08-22T14:43:30.545Z === MCP server 启动 (pid 3404) ===
2026-08-22T14:43:30.552Z msg: {"method":"initialize","params":{"protocolVersion":"2025-11-25","capabilities":{"sampling":{"tools":{}},"elicitation":{"form":{},"url":{}}},"clientInfo":{"name":"mcp","version":"0.1.0"}},"jsonrpc":"2.
2026-08-22T14:43:30.552Z >> {"jsonrpc":"2.0","id":0,"result":{"protocolVersion":"2024-11-05","capabilities":{"tools":{}},"serverInfo":{"name":"agentfarm2-game","version":"0.1.0"}}}
2026-08-22T14:48:30.836Z === MCP server 启动 (pid 36944) ===
2026-08-22T14:48:30.844Z msg: {"method":"initialize","params":{"protocolVersion":"2025-11-25","capabilities":{"sampling":{"tools":{}},"elicitation":{"form":{},"url":{}}},"clientInfo":{"name":"mcp","version":"0.1.0"}},"jsonrpc":"2.
2026-08-22T14:48:30.844Z >> {"jsonrpc":"2.0","id":0,"result":{"protocolVersion":"2024-11-05","capabilities":{"tools":{}},"serverInfo":{"name":"agentfarm2-game","version":"0.1.0"}}}
2026-08-22T14:48:32.200Z === MCP server 启动 (pid 20516) ===
2026-08-22T14:48:32.208Z msg: {"method":"initialize","params":{"protocolVersion":"2025-11-25","capabilities":{"sampling":{"tools":{}},"elicitation":{"form":{},"url":{}}},"clientInfo":{"name":"mcp","version":"0.1.0"}},"jsonrpc":"2.
2026-08-22T14:48:32.209Z >> {"jsonrpc":"2.0","id":0,"result":{"protocolVersion":"2024-11-05","capabilities":{"tools":{}},"serverInfo":{"name":"agentfarm2-game","version":"0.1.0"}}}
2026-08-22T14:48:34.510Z === MCP server 启动 (pid 4756) ===
2026-08-22T14:48:34.518Z msg: {"method":"initialize","params":{"protocolVersion":"2025-11-25","capabilities":{"sampling":{"tools":{}},"elicitation":{"form":{},"url":{}}},"clientInfo":{"name":"mcp","version":"0.1.0"}},"jsonrpc":"2.
2026-08-22T14:48:34.519Z >> {"jsonrpc":"2.0","id":0,"result":{"protocolVersion":"2024-11-05","capabilities":{"tools":{}},"serverInfo":{"name":"agentfarm2-game","version":"0.1.0"}}}
2026-08-22T14:48:38.192Z === MCP server 启动 (pid 8576) ===
2026-08-22T14:48:38.199Z msg: {"method":"initialize","params":{"protocolVersion":"2025-11-25","capabilities":{"sampling":{"tools":{}},"elicitation":{"form":{},"url":{}}},"clientInfo":{"name":"mcp","version":"0.1.0"}},"jsonrpc":"2.
2026-08-22T14:48:38.200Z >> {"jsonrpc":"2.0","id":0,"result":{"protocolVersion":"2024-11-05","capabilities":{"tools":{}},"serverInfo":{"name":"agentfarm2-game","version":"0.1.0"}}}
2026-08-22T14:53:38.481Z === MCP server 启动 (pid 29756) ===
2026-08-22T14:53:38.487Z msg: {"method":"initialize","params":{"protocolVersion":"2025-11-25","capabilities":{"sampling":{"tools":{}},"elicitation":{"form":{},"url":{}}},"clientInfo":{"name":"mcp","version":"0.1.0"}},"jsonrpc":"2.
2026-08-22T14:53:38.488Z >> {"jsonrpc":"2.0","id":0,"result":{"protocolVersion":"2024-11-05","capabilities":{"tools":{}},"serverInfo":{"name":"agentfarm2-game","version":"0.1.0"}}}
2026-08-22T14:53:39.906Z === MCP server 启动 (pid 28732) ===
2026-08-22T14:53:39.912Z msg: {"method":"initialize","params":{"protocolVersion":"2025-11-25","capabilities":{"sampling":{"tools":{}},"elicitation":{"form":{},"url":{}}},"clientInfo":{"name":"mcp","version":"0.1.0"}},"jsonrpc":"2.
2026-08-22T14:53:39.913Z >> {"jsonrpc":"2.0","id":0,"result":{"protocolVersion":"2024-11-05","capabilities":{"tools":{}},"serverInfo":{"name":"agentfarm2-game","version":"0.1.0"}}}
2026-08-22T14:53:42.342Z === MCP server 启动 (pid 35408) ===
2026-08-22T14:53:42.350Z msg: {"method":"initialize","params":{"protocolVersion":"2025-11-25","capabilities":{"sampling":{"tools":{}},"elicitation":{"form":{},"url":{}}},"clientInfo":{"name":"mcp","version":"0.1.0"}},"jsonrpc":"2.
2026-08-22T14:53:42.351Z >> {"jsonrpc":"2.0","id":0,"result":{"protocolVersion":"2024-11-05","capabilities":{"tools":{}},"serverInfo":{"name":"agentfarm2-game","version":"0.1.0"}}}
2026-08-22T14:53:42.353Z msg: {"method":"notifications/initialized","jsonrpc":"2.0"}
2026-08-22T14:53:42.354Z msg: {"method":"tools/list","jsonrpc":"2.0","id":1}
2026-08-22T14:53:42.354Z >> {"jsonrpc":"2.0","id":1,"result":{"tools":[{"name":"game_observe","description":"查看当前游戏世界状态：场景/位置/天数/时间/天气/金币/背包物品/NPC好感/在线玩家。返回 JSON。","inputSchema":{"type":"o
2026-08-22T14:56:42.487Z === MCP server 启动 (pid 29644) ===
2026-08-22T14:56:42.494Z msg: {"method":"initialize","params":{"protocolVersion":"2025-11-25","capabilities":{"sampling":{"tools":{}},"elicitation":{"form":{},"url":{}}},"clientInfo":{"name":"mcp","version":"0.1.0"}},"jsonrpc":"2.
2026-08-22T14:56:42.495Z >> {"jsonrpc":"2.0","id":0,"result":{"protocolVersion":"2024-11-05","capabilities":{"tools":{}},"serverInfo":{"name":"agentfarm2-game","version":"0.1.0"}}}
2026-08-22T14:56:45.978Z === MCP server 启动 (pid 9884) ===
2026-08-22T14:56:45.985Z msg: {"method":"initialize","params":{"protocolVersion":"2025-11-25","capabilities":{"sampling":{"tools":{}},"elicitation":{"form":{},"url":{}}},"clientInfo":{"name":"mcp","version":"0.1.0"}},"jsonrpc":"2.
2026-08-22T14:56:45.986Z >> {"jsonrpc":"2.0","id":0,"result":{"protocolVersion":"2024-11-05","capabilities":{"tools":{}},"serverInfo":{"name":"agentfarm2-game","version":"0.1.0"}}}
2026-08-22T15:01:46.272Z === MCP server 启动 (pid 4080) ===
2026-08-22T15:01:46.279Z msg: {"method":"initialize","params":{"protocolVersion":"2025-11-25","capabilities":{"sampling":{"tools":{}},"elicitation":{"form":{},"url":{}}},"clientInfo":{"name":"mcp","version":"0.1.0"}},"jsonrpc":"2.
2026-08-22T15:01:46.280Z >> {"jsonrpc":"2.0","id":0,"result":{"protocolVersion":"2024-11-05","capabilities":{"tools":{}},"serverInfo":{"name":"agentfarm2-game","version":"0.1.0"}}}
2026-08-22T15:01:47.501Z === MCP server 启动 (pid 14036) ===
2026-08-22T15:01:47.508Z msg: {"method":"initialize","params":{"protocolVersion":"2025-11-25","capabilities":{"sampling":{"tools":{}},"elicitation":{"form":{},"url":{}}},"clientInfo":{"name":"mcp","version":"0.1.0"}},"jsonrpc":"2.
2026-08-22T15:01:47.509Z >> {"jsonrpc":"2.0","id":0,"result":{"protocolVersion":"2024-11-05","capabilities":{"tools":{}},"serverInfo":{"name":"agentfarm2-game","version":"0.1.0"}}}
2026-08-22T15:01:49.853Z === MCP server 启动 (pid 30036) ===
2026-08-22T15:01:49.860Z msg: {"method":"initialize","params":{"protocolVersion":"2025-11-25","capabilities":{"sampling":{"tools":{}},"elicitation":{"form":{},"url":{}}},"clientInfo":{"name":"mcp","version":"0.1.0"}},"jsonrpc":"2.
2026-08-22T15:01:49.861Z >> {"jsonrpc":"2.0","id":0,"result":{"protocolVersion":"2024-11-05","capabilities":{"tools":{}},"serverInfo":{"name":"agentfarm2-game","version":"0.1.0"}}}
2026-08-22T15:01:54.253Z === MCP server 启动 (pid 32776) ===
2026-08-22T15:01:54.261Z msg: {"method":"initialize","params":{"protocolVersion":"2025-11-25","capabilities":{"sampling":{"tools":{}},"elicitation":{"form":{},"url":{}}},"clientInfo":{"name":"mcp","version":"0.1.0"}},"jsonrpc":"2.
2026-08-22T15:01:54.261Z >> {"jsonrpc":"2.0","id":0,"result":{"protocolVersion":"2024-11-05","capabilities":{"tools":{}},"serverInfo":{"name":"agentfarm2-game","version":"0.1.0"}}}
2026-08-22T15:06:54.541Z === MCP server 启动 (pid 32204) ===
2026-08-22T15:06:54.548Z msg: {"method":"initialize","params":{"protocolVersion":"2025-11-25","capabilities":{"sampling":{"tools":{}},"elicitation":{"form":{},"url":{}}},"clientInfo":{"name":"mcp","version":"0.1.0"}},"jsonrpc":"2.
2026-08-22T15:06:54.549Z >> {"jsonrpc":"2.0","id":0,"result":{"protocolVersion":"2024-11-05","capabilities":{"tools":{}},"serverInfo":{"name":"agentfarm2-game","version":"0.1.0"}}}
2026-08-22T15:06:55.944Z === MCP server 启动 (pid 29756) ===
2026-08-22T15:06:55.952Z msg: {"method":"initialize","params":{"protocolVersion":"2025-11-25","capabilities":{"sampling":{"tools":{}},"elicitation":{"form":{},"url":{}}},"clientInfo":{"name":"mcp","version":"0.1.0"}},"jsonrpc":"2.
2026-08-22T15:06:55.952Z >> {"jsonrpc":"2.0","id":0,"result":{"protocolVersion":"2024-11-05","capabilities":{"tools":{}},"serverInfo":{"name":"agentfarm2-game","version":"0.1.0"}}}
2026-08-22T15:06:58.298Z === MCP server 启动 (pid 15852) ===
2026-08-22T15:06:58.306Z msg: {"method":"initialize","params":{"protocolVersion":"2025-11-25","capabilities":{"sampling":{"tools":{}},"elicitation":{"form":{},"url":{}}},"clientInfo":{"name":"mcp","version":"0.1.0"}},"jsonrpc":"2.
2026-08-22T15:06:58.307Z >> {"jsonrpc":"2.0","id":0,"result":{"protocolVersion":"2024-11-05","capabilities":{"tools":{}},"serverInfo":{"name":"agentfarm2-game","version":"0.1.0"}}}
2026-08-22T15:07:02.345Z === MCP server 启动 (pid 15276) ===
2026-08-22T15:07:02.352Z msg: {"method":"initialize","params":{"protocolVersion":"2025-11-25","capabilities":{"sampling":{"tools":{}},"elicitation":{"form":{},"url":{}}},"clientInfo":{"name":"mcp","version":"0.1.0"}},"jsonrpc":"2.
2026-08-22T15:07:02.353Z >> {"jsonrpc":"2.0","id":0,"result":{"protocolVersion":"2024-11-05","capabilities":{"tools":{}},"serverInfo":{"name":"agentfarm2-game","version":"0.1.0"}}}
2026-08-22T15:12:02.667Z === MCP server 启动 (pid 34576) ===
2026-08-22T15:12:02.674Z msg: {"method":"initialize","params":{"protocolVersion":"2025-11-25","capabilities":{"sampling":{"tools":{}},"elicitation":{"form":{},"url":{}}},"clientInfo":{"name":"mcp","version":"0.1.0"}},"jsonrpc":"2.
2026-08-22T15:12:02.675Z >> {"jsonrpc":"2.0","id":0,"result":{"protocolVersion":"2024-11-05","capabilities":{"tools":{}},"serverInfo":{"name":"agentfarm2-game","version":"0.1.0"}}}
2026-08-22T15:12:03.975Z === MCP server 启动 (pid 37388) ===
2026-08-22T15:12:03.983Z msg: {"method":"initialize","params":{"protocolVersion":"2025-11-25","capabilities":{"sampling":{"tools":{}},"elicitation":{"form":{},"url":{}}},"clientInfo":{"name":"mcp","version":"0.1.0"}},"jsonrpc":"2.
2026-08-22T15:12:03.984Z >> {"jsonrpc":"2.0","id":0,"result":{"protocolVersion":"2024-11-05","capabilities":{"tools":{}},"serverInfo":{"name":"agentfarm2-game","version":"0.1.0"}}}
2026-08-22T15:12:06.176Z === MCP server 启动 (pid 2392) ===
2026-08-22T15:12:06.184Z msg: {"method":"initialize","params":{"protocolVersion":"2025-11-25","capabilities":{"sampling":{"tools":{}},"elicitation":{"form":{},"url":{}}},"clientInfo":{"name":"mcp","version":"0.1.0"}},"jsonrpc":"2.
2026-08-22T15:12:06.185Z >> {"jsonrpc":"2.0","id":0,"result":{"protocolVersion":"2024-11-05","capabilities":{"tools":{}},"serverInfo":{"name":"agentfarm2-game","version":"0.1.0"}}}
2026-08-22T15:12:09.995Z === MCP server 启动 (pid 38804) ===
2026-08-22T15:12:10.003Z msg: {"method":"initialize","params":{"protocolVersion":"2025-11-25","capabilities":{"sampling":{"tools":{}},"elicitation":{"form":{},"url":{}}},"clientInfo":{"name":"mcp","version":"0.1.0"}},"jsonrpc":"2.
2026-08-22T15:12:10.004Z >> {"jsonrpc":"2.0","id":0,"result":{"protocolVersion":"2024-11-05","capabilities":{"tools":{}},"serverInfo":{"name":"agentfarm2-game","version":"0.1.0"}}}
2026-08-22T15:17:10.282Z === MCP server 启动 (pid 11292) ===
2026-08-22T15:17:10.290Z msg: {"method":"initialize","params":{"protocolVersion":"2025-11-25","capabilities":{"sampling":{"tools":{}},"elicitation":{"form":{},"url":{}}},"clientInfo":{"name":"mcp","version":"0.1.0"}},"jsonrpc":"2.
2026-08-22T15:17:10.290Z >> {"jsonrpc":"2.0","id":0,"result":{"protocolVersion":"2024-11-05","capabilities":{"tools":{}},"serverInfo":{"name":"agentfarm2-game","version":"0.1.0"}}}
2026-08-22T15:17:11.643Z === MCP server 启动 (pid 27040) ===
2026-08-22T15:17:11.650Z msg: {"method":"initialize","params":{"protocolVersion":"2025-11-25","capabilities":{"sampling":{"tools":{}},"elicitation":{"form":{},"url":{}}},"clientInfo":{"name":"mcp","version":"0.1.0"}},"jsonrpc":"2.
2026-08-22T15:17:11.651Z >> {"jsonrpc":"2.0","id":0,"result":{"protocolVersion":"2024-11-05","capabilities":{"tools":{}},"serverInfo":{"name":"agentfarm2-game","version":"0.1.0"}}}
2026-08-22T15:17:14.232Z === MCP server 启动 (pid 33552) ===
2026-08-22T15:17:14.239Z msg: {"method":"initialize","params":{"protocolVersion":"2025-11-25","capabilities":{"sampling":{"tools":{}},"elicitation":{"form":{},"url":{}}},"clientInfo":{"name":"mcp","version":"0.1.0"}},"jsonrpc":"2.
2026-08-22T15:17:14.240Z >> {"jsonrpc":"2.0","id":0,"result":{"protocolVersion":"2024-11-05","capabilities":{"tools":{}},"serverInfo":{"name":"agentfarm2-game","version":"0.1.0"}}}
2026-08-22T15:17:17.902Z === MCP server 启动 (pid 22256) ===
2026-08-22T15:17:17.910Z msg: {"method":"initialize","params":{"protocolVersion":"2025-11-25","capabilities":{"sampling":{"tools":{}},"elicitation":{"form":{},"url":{}}},"clientInfo":{"name":"mcp","version":"0.1.0"}},"jsonrpc":"2.
2026-08-22T15:17:17.911Z >> {"jsonrpc":"2.0","id":0,"result":{"protocolVersion":"2024-11-05","capabilities":{"tools":{}},"serverInfo":{"name":"agentfarm2-game","version":"0.1.0"}}}
2026-08-22T15:22:18.191Z === MCP server 启动 (pid 37392) ===
2026-08-22T15:22:18.198Z msg: {"method":"initialize","params":{"protocolVersion":"2025-11-25","capabilities":{"sampling":{"tools":{}},"elicitation":{"form":{},"url":{}}},"clientInfo":{"name":"mcp","version":"0.1.0"}},"jsonrpc":"2.
2026-08-22T15:22:18.198Z >> {"jsonrpc":"2.0","id":0,"result":{"protocolVersion":"2024-11-05","capabilities":{"tools":{}},"serverInfo":{"name":"agentfarm2-game","version":"0.1.0"}}}
2026-08-22T15:22:19.462Z === MCP server 启动 (pid 34012) ===
2026-08-22T15:22:19.469Z msg: {"method":"initialize","params":{"protocolVersion":"2025-11-25","capabilities":{"sampling":{"tools":{}},"elicitation":{"form":{},"url":{}}},"clientInfo":{"name":"mcp","version":"0.1.0"}},"jsonrpc":"2.
2026-08-22T15:22:19.470Z >> {"jsonrpc":"2.0","id":0,"result":{"protocolVersion":"2024-11-05","capabilities":{"tools":{}},"serverInfo":{"name":"agentfarm2-game","version":"0.1.0"}}}
2026-08-22T15:22:21.887Z === MCP server 启动 (pid 29044) ===
2026-08-22T15:22:21.894Z msg: {"method":"initialize","params":{"protocolVersion":"2025-11-25","capabilities":{"sampling":{"tools":{}},"elicitation":{"form":{},"url":{}}},"clientInfo":{"name":"mcp","version":"0.1.0"}},"jsonrpc":"2.
2026-08-22T15:22:21.895Z >> {"jsonrpc":"2.0","id":0,"result":{"protocolVersion":"2024-11-05","capabilities":{"tools":{}},"serverInfo":{"name":"agentfarm2-game","version":"0.1.0"}}}
2026-08-22T15:22:26.008Z === MCP server 启动 (pid 38852) ===
2026-08-22T15:22:26.015Z msg: {"method":"initialize","params":{"protocolVersion":"2025-11-25","capabilities":{"sampling":{"tools":{}},"elicitation":{"form":{},"url":{}}},"clientInfo":{"name":"mcp","version":"0.1.0"}},"jsonrpc":"2.
2026-08-22T15:22:26.015Z >> {"jsonrpc":"2.0","id":0,"result":{"protocolVersion":"2024-11-05","capabilities":{"tools":{}},"serverInfo":{"name":"agentfarm2-game","version":"0.1.0"}}}
2026-08-22T15:27:26.284Z === MCP server 启动 (pid 24756) ===
2026-08-22T15:27:26.291Z msg: {"method":"initialize","params":{"protocolVersion":"2025-11-25","capabilities":{"sampling":{"tools":{}},"elicitation":{"form":{},"url":{}}},"clientInfo":{"name":"mcp","version":"0.1.0"}},"jsonrpc":"2.
2026-08-22T15:27:26.292Z >> {"jsonrpc":"2.0","id":0,"result":{"protocolVersion":"2024-11-05","capabilities":{"tools":{}},"serverInfo":{"name":"agentfarm2-game","version":"0.1.0"}}}
2026-08-22T15:27:27.674Z === MCP server 启动 (pid 29756) ===
2026-08-22T15:27:27.681Z msg: {"method":"initialize","params":{"protocolVersion":"2025-11-25","capabilities":{"sampling":{"tools":{}},"elicitation":{"form":{},"url":{}}},"clientInfo":{"name":"mcp","version":"0.1.0"}},"jsonrpc":"2.
2026-08-22T15:27:27.682Z >> {"jsonrpc":"2.0","id":0,"result":{"protocolVersion":"2024-11-05","capabilities":{"tools":{}},"serverInfo":{"name":"agentfarm2-game","version":"0.1.0"}}}
2026-08-22T15:27:30.304Z === MCP server 启动 (pid 4976) ===
2026-08-22T15:27:30.311Z msg: {"method":"initialize","params":{"protocolVersion":"2025-11-25","capabilities":{"sampling":{"tools":{}},"elicitation":{"form":{},"url":{}}},"clientInfo":{"name":"mcp","version":"0.1.0"}},"jsonrpc":"2.
2026-08-22T15:27:30.312Z >> {"jsonrpc":"2.0","id":0,"result":{"protocolVersion":"2024-11-05","capabilities":{"tools":{}},"serverInfo":{"name":"agentfarm2-game","version":"0.1.0"}}}
2026-08-22T15:27:34.517Z === MCP server 启动 (pid 31736) ===
2026-08-22T15:27:34.524Z msg: {"method":"initialize","params":{"protocolVersion":"2025-11-25","capabilities":{"sampling":{"tools":{}},"elicitation":{"form":{},"url":{}}},"clientInfo":{"name":"mcp","version":"0.1.0"}},"jsonrpc":"2.
2026-08-22T15:27:34.525Z >> {"jsonrpc":"2.0","id":0,"result":{"protocolVersion":"2024-11-05","capabilities":{"tools":{}},"serverInfo":{"name":"agentfarm2-game","version":"0.1.0"}}}
2026-08-22T15:32:34.793Z === MCP server 启动 (pid 14064) ===
2026-08-22T15:32:34.800Z msg: {"method":"initialize","params":{"protocolVersion":"2025-11-25","capabilities":{"sampling":{"tools":{}},"elicitation":{"form":{},"url":{}}},"clientInfo":{"name":"mcp","version":"0.1.0"}},"jsonrpc":"2.
2026-08-22T15:32:34.801Z >> {"jsonrpc":"2.0","id":0,"result":{"protocolVersion":"2024-11-05","capabilities":{"tools":{}},"serverInfo":{"name":"agentfarm2-game","version":"0.1.0"}}}
2026-08-22T15:32:36.062Z === MCP server 启动 (pid 16908) ===
2026-08-22T15:32:36.070Z msg: {"method":"initialize","params":{"protocolVersion":"2025-11-25","capabilities":{"sampling":{"tools":{}},"elicitation":{"form":{},"url":{}}},"clientInfo":{"name":"mcp","version":"0.1.0"}},"jsonrpc":"2.
2026-08-22T15:32:36.071Z >> {"jsonrpc":"2.0","id":0,"result":{"protocolVersion":"2024-11-05","capabilities":{"tools":{}},"serverInfo":{"name":"agentfarm2-game","version":"0.1.0"}}}
2026-08-22T15:32:38.424Z === MCP server 启动 (pid 28384) ===
2026-08-22T15:32:38.430Z msg: {"method":"initialize","params":{"protocolVersion":"2025-11-25","capabilities":{"sampling":{"tools":{}},"elicitation":{"form":{},"url":{}}},"clientInfo":{"name":"mcp","version":"0.1.0"}},"jsonrpc":"2.
2026-08-22T15:32:38.431Z >> {"jsonrpc":"2.0","id":0,"result":{"protocolVersion":"2024-11-05","capabilities":{"tools":{}},"serverInfo":{"name":"agentfarm2-game","version":"0.1.0"}}}
2026-08-22T15:32:43.419Z === MCP server 启动 (pid 37552) ===
2026-08-22T15:32:43.426Z msg: {"method":"initialize","params":{"protocolVersion":"2025-11-25","capabilities":{"sampling":{"tools":{}},"elicitation":{"form":{},"url":{}}},"clientInfo":{"name":"mcp","version":"0.1.0"}},"jsonrpc":"2.
2026-08-22T15:32:43.427Z >> {"jsonrpc":"2.0","id":0,"result":{"protocolVersion":"2024-11-05","capabilities":{"tools":{}},"serverInfo":{"name":"agentfarm2-game","version":"0.1.0"}}}
2026-08-22T15:37:43.682Z === MCP server 启动 (pid 20424) ===
2026-08-22T15:37:43.689Z msg: {"method":"initialize","params":{"protocolVersion":"2025-11-25","capabilities":{"sampling":{"tools":{}},"elicitation":{"form":{},"url":{}}},"clientInfo":{"name":"mcp","version":"0.1.0"}},"jsonrpc":"2.
2026-08-22T15:37:43.690Z >> {"jsonrpc":"2.0","id":0,"result":{"protocolVersion":"2024-11-05","capabilities":{"tools":{}},"serverInfo":{"name":"agentfarm2-game","version":"0.1.0"}}}
2026-08-22T15:37:44.890Z === MCP server 启动 (pid 21696) ===
2026-08-22T15:37:44.897Z msg: {"method":"initialize","params":{"protocolVersion":"2025-11-25","capabilities":{"sampling":{"tools":{}},"elicitation":{"form":{},"url":{}}},"clientInfo":{"name":"mcp","version":"0.1.0"}},"jsonrpc":"2.
2026-08-22T15:37:44.897Z >> {"jsonrpc":"2.0","id":0,"result":{"protocolVersion":"2024-11-05","capabilities":{"tools":{}},"serverInfo":{"name":"agentfarm2-game","version":"0.1.0"}}}
2026-08-22T15:37:47.124Z === MCP server 启动 (pid 19212) ===
2026-08-22T15:37:47.131Z msg: {"method":"initialize","params":{"protocolVersion":"2025-11-25","capabilities":{"sampling":{"tools":{}},"elicitation":{"form":{},"url":{}}},"clientInfo":{"name":"mcp","version":"0.1.0"}},"jsonrpc":"2.
2026-08-22T15:37:47.131Z >> {"jsonrpc":"2.0","id":0,"result":{"protocolVersion":"2024-11-05","capabilities":{"tools":{}},"serverInfo":{"name":"agentfarm2-game","version":"0.1.0"}}}
2026-08-22T15:37:51.695Z === MCP server 启动 (pid 27688) ===
2026-08-22T15:37:51.702Z msg: {"method":"initialize","params":{"protocolVersion":"2025-11-25","capabilities":{"sampling":{"tools":{}},"elicitation":{"form":{},"url":{}}},"clientInfo":{"name":"mcp","version":"0.1.0"}},"jsonrpc":"2.
2026-08-22T15:37:51.702Z >> {"jsonrpc":"2.0","id":0,"result":{"protocolVersion":"2024-11-05","capabilities":{"tools":{}},"serverInfo":{"name":"agentfarm2-game","version":"0.1.0"}}}
2026-08-22T15:42:51.964Z === MCP server 启动 (pid 3768) ===
2026-08-22T15:42:51.972Z msg: {"method":"initialize","params":{"protocolVersion":"2025-11-25","capabilities":{"sampling":{"tools":{}},"elicitation":{"form":{},"url":{}}},"clientInfo":{"name":"mcp","version":"0.1.0"}},"jsonrpc":"2.
2026-08-22T15:42:51.972Z >> {"jsonrpc":"2.0","id":0,"result":{"protocolVersion":"2024-11-05","capabilities":{"tools":{}},"serverInfo":{"name":"agentfarm2-game","version":"0.1.0"}}}
2026-08-22T15:42:53.171Z === MCP server 启动 (pid 1340) ===
2026-08-22T15:42:53.179Z msg: {"method":"initialize","params":{"protocolVersion":"2025-11-25","capabilities":{"sampling":{"tools":{}},"elicitation":{"form":{},"url":{}}},"clientInfo":{"name":"mcp","version":"0.1.0"}},"jsonrpc":"2.
2026-08-22T15:42:53.179Z >> {"jsonrpc":"2.0","id":0,"result":{"protocolVersion":"2024-11-05","capabilities":{"tools":{}},"serverInfo":{"name":"agentfarm2-game","version":"0.1.0"}}}
2026-08-22T15:42:55.329Z === MCP server 启动 (pid 27324) ===
2026-08-22T15:42:55.337Z msg: {"method":"initialize","params":{"protocolVersion":"2025-11-25","capabilities":{"sampling":{"tools":{}},"elicitation":{"form":{},"url":{}}},"clientInfo":{"name":"mcp","version":"0.1.0"}},"jsonrpc":"2.
2026-08-22T15:42:55.337Z >> {"jsonrpc":"2.0","id":0,"result":{"protocolVersion":"2024-11-05","capabilities":{"tools":{}},"serverInfo":{"name":"agentfarm2-game","version":"0.1.0"}}}
2026-08-22T15:42:59.051Z === MCP server 启动 (pid 16672) ===
2026-08-22T15:42:59.059Z msg: {"method":"initialize","params":{"protocolVersion":"2025-11-25","capabilities":{"sampling":{"tools":{}},"elicitation":{"form":{},"url":{}}},"clientInfo":{"name":"mcp","version":"0.1.0"}},"jsonrpc":"2.
2026-08-22T15:42:59.059Z >> {"jsonrpc":"2.0","id":0,"result":{"protocolVersion":"2024-11-05","capabilities":{"tools":{}},"serverInfo":{"name":"agentfarm2-game","version":"0.1.0"}}}
2026-08-22T15:47:59.326Z === MCP server 启动 (pid 19428) ===
2026-08-22T15:47:59.333Z msg: {"method":"initialize","params":{"protocolVersion":"2025-11-25","capabilities":{"sampling":{"tools":{}},"elicitation":{"form":{},"url":{}}},"clientInfo":{"name":"mcp","version":"0.1.0"}},"jsonrpc":"2.
2026-08-22T15:47:59.334Z >> {"jsonrpc":"2.0","id":0,"result":{"protocolVersion":"2024-11-05","capabilities":{"tools":{}},"serverInfo":{"name":"agentfarm2-game","version":"0.1.0"}}}
2026-08-22T15:48:00.770Z === MCP server 启动 (pid 39428) ===
2026-08-22T15:48:00.776Z msg: {"method":"initialize","params":{"protocolVersion":"2025-11-25","capabilities":{"sampling":{"tools":{}},"elicitation":{"form":{},"url":{}}},"clientInfo":{"name":"mcp","version":"0.1.0"}},"jsonrpc":"2.
2026-08-22T15:48:00.777Z >> {"jsonrpc":"2.0","id":0,"result":{"protocolVersion":"2024-11-05","capabilities":{"tools":{}},"serverInfo":{"name":"agentfarm2-game","version":"0.1.0"}}}
2026-08-22T15:48:03.154Z === MCP server 启动 (pid 2332) ===
2026-08-22T15:48:03.161Z msg: {"method":"initialize","params":{"protocolVersion":"2025-11-25","capabilities":{"sampling":{"tools":{}},"elicitation":{"form":{},"url":{}}},"clientInfo":{"name":"mcp","version":"0.1.0"}},"jsonrpc":"2.
2026-08-22T15:48:03.162Z >> {"jsonrpc":"2.0","id":0,"result":{"protocolVersion":"2024-11-05","capabilities":{"tools":{}},"serverInfo":{"name":"agentfarm2-game","version":"0.1.0"}}}
2026-08-22T15:48:07.768Z === MCP server 启动 (pid 10360) ===
2026-08-22T15:48:07.775Z msg: {"method":"initialize","params":{"protocolVersion":"2025-11-25","capabilities":{"sampling":{"tools":{}},"elicitation":{"form":{},"url":{}}},"clientInfo":{"name":"mcp","version":"0.1.0"}},"jsonrpc":"2.
2026-08-22T15:48:07.776Z >> {"jsonrpc":"2.0","id":0,"result":{"protocolVersion":"2024-11-05","capabilities":{"tools":{}},"serverInfo":{"name":"agentfarm2-game","version":"0.1.0"}}}
2026-08-22T15:53:08.065Z === MCP server 启动 (pid 15740) ===
2026-08-22T15:53:08.072Z msg: {"method":"initialize","params":{"protocolVersion":"2025-11-25","capabilities":{"sampling":{"tools":{}},"elicitation":{"form":{},"url":{}}},"clientInfo":{"name":"mcp","version":"0.1.0"}},"jsonrpc":"2.
2026-08-22T15:53:08.073Z >> {"jsonrpc":"2.0","id":0,"result":{"protocolVersion":"2024-11-05","capabilities":{"tools":{}},"serverInfo":{"name":"agentfarm2-game","version":"0.1.0"}}}
2026-08-22T15:53:09.530Z === MCP server 启动 (pid 38708) ===
2026-08-22T15:53:09.538Z msg: {"method":"initialize","params":{"protocolVersion":"2025-11-25","capabilities":{"sampling":{"tools":{}},"elicitation":{"form":{},"url":{}}},"clientInfo":{"name":"mcp","version":"0.1.0"}},"jsonrpc":"2.
2026-08-22T15:53:09.538Z >> {"jsonrpc":"2.0","id":0,"result":{"protocolVersion":"2024-11-05","capabilities":{"tools":{}},"serverInfo":{"name":"agentfarm2-game","version":"0.1.0"}}}
2026-08-22T15:53:11.847Z === MCP server 启动 (pid 8448) ===
2026-08-22T15:53:11.853Z msg: {"method":"initialize","params":{"protocolVersion":"2025-11-25","capabilities":{"sampling":{"tools":{}},"elicitation":{"form":{},"url":{}}},"clientInfo":{"name":"mcp","version":"0.1.0"}},"jsonrpc":"2.
2026-08-22T15:53:11.854Z >> {"jsonrpc":"2.0","id":0,"result":{"protocolVersion":"2024-11-05","capabilities":{"tools":{}},"serverInfo":{"name":"agentfarm2-game","version":"0.1.0"}}}
2026-08-22T15:53:15.909Z === MCP server 启动 (pid 27724) ===
2026-08-22T15:53:15.916Z msg: {"method":"initialize","params":{"protocolVersion":"2025-11-25","capabilities":{"sampling":{"tools":{}},"elicitation":{"form":{},"url":{}}},"clientInfo":{"name":"mcp","version":"0.1.0"}},"jsonrpc":"2.
2026-08-22T15:53:15.916Z >> {"jsonrpc":"2.0","id":0,"result":{"protocolVersion":"2024-11-05","capabilities":{"tools":{}},"serverInfo":{"name":"agentfarm2-game","version":"0.1.0"}}}
2026-08-22T15:58:16.196Z === MCP server 启动 (pid 20320) ===
2026-08-22T15:58:16.203Z msg: {"method":"initialize","params":{"protocolVersion":"2025-11-25","capabilities":{"sampling":{"tools":{}},"elicitation":{"form":{},"url":{}}},"clientInfo":{"name":"mcp","version":"0.1.0"}},"jsonrpc":"2.
2026-08-22T15:58:16.204Z >> {"jsonrpc":"2.0","id":0,"result":{"protocolVersion":"2024-11-05","capabilities":{"tools":{}},"serverInfo":{"name":"agentfarm2-game","version":"0.1.0"}}}
2026-08-22T15:58:17.614Z === MCP server 启动 (pid 16968) ===
2026-08-22T15:58:17.622Z msg: {"method":"initialize","params":{"protocolVersion":"2025-11-25","capabilities":{"sampling":{"tools":{}},"elicitation":{"form":{},"url":{}}},"clientInfo":{"name":"mcp","version":"0.1.0"}},"jsonrpc":"2.
2026-08-22T15:58:17.623Z >> {"jsonrpc":"2.0","id":0,"result":{"protocolVersion":"2024-11-05","capabilities":{"tools":{}},"serverInfo":{"name":"agentfarm2-game","version":"0.1.0"}}}
2026-08-22T15:58:19.935Z === MCP server 启动 (pid 30168) ===
2026-08-22T15:58:19.942Z msg: {"method":"initialize","params":{"protocolVersion":"2025-11-25","capabilities":{"sampling":{"tools":{}},"elicitation":{"form":{},"url":{}}},"clientInfo":{"name":"mcp","version":"0.1.0"}},"jsonrpc":"2.
2026-08-22T15:58:19.943Z >> {"jsonrpc":"2.0","id":0,"result":{"protocolVersion":"2024-11-05","capabilities":{"tools":{}},"serverInfo":{"name":"agentfarm2-game","version":"0.1.0"}}}
2026-08-22T15:58:24.983Z === MCP server 启动 (pid 36208) ===
2026-08-22T15:58:24.990Z msg: {"method":"initialize","params":{"protocolVersion":"2025-11-25","capabilities":{"sampling":{"tools":{}},"elicitation":{"form":{},"url":{}}},"clientInfo":{"name":"mcp","version":"0.1.0"}},"jsonrpc":"2.
2026-08-22T15:58:24.990Z >> {"jsonrpc":"2.0","id":0,"result":{"protocolVersion":"2024-11-05","capabilities":{"tools":{}},"serverInfo":{"name":"agentfarm2-game","version":"0.1.0"}}}
2026-08-22T16:03:25.253Z === MCP server 启动 (pid 13360) ===
2026-08-22T16:03:25.260Z msg: {"method":"initialize","params":{"protocolVersion":"2025-11-25","capabilities":{"sampling":{"tools":{}},"elicitation":{"form":{},"url":{}}},"clientInfo":{"name":"mcp","version":"0.1.0"}},"jsonrpc":"2.
2026-08-22T16:03:25.261Z >> {"jsonrpc":"2.0","id":0,"result":{"protocolVersion":"2024-11-05","capabilities":{"tools":{}},"serverInfo":{"name":"agentfarm2-game","version":"0.1.0"}}}
2026-08-22T16:03:26.596Z === MCP server 启动 (pid 24816) ===
2026-08-22T16:03:26.604Z msg: {"method":"initialize","params":{"protocolVersion":"2025-11-25","capabilities":{"sampling":{"tools":{}},"elicitation":{"form":{},"url":{}}},"clientInfo":{"name":"mcp","version":"0.1.0"}},"jsonrpc":"2.
2026-08-22T16:03:26.604Z >> {"jsonrpc":"2.0","id":0,"result":{"protocolVersion":"2024-11-05","capabilities":{"tools":{}},"serverInfo":{"name":"agentfarm2-game","version":"0.1.0"}}}
2026-08-22T16:03:29.222Z === MCP server 启动 (pid 23136) ===
2026-08-22T16:03:29.229Z msg: {"method":"initialize","params":{"protocolVersion":"2025-11-25","capabilities":{"sampling":{"tools":{}},"elicitation":{"form":{},"url":{}}},"clientInfo":{"name":"mcp","version":"0.1.0"}},"jsonrpc":"2.
2026-08-22T16:03:29.230Z >> {"jsonrpc":"2.0","id":0,"result":{"protocolVersion":"2024-11-05","capabilities":{"tools":{}},"serverInfo":{"name":"agentfarm2-game","version":"0.1.0"}}}
2026-08-22T16:03:33.024Z === MCP server 启动 (pid 31812) ===
2026-08-22T16:03:33.031Z msg: {"method":"initialize","params":{"protocolVersion":"2025-11-25","capabilities":{"sampling":{"tools":{}},"elicitation":{"form":{},"url":{}}},"clientInfo":{"name":"mcp","version":"0.1.0"}},"jsonrpc":"2.
2026-08-22T16:03:33.032Z >> {"jsonrpc":"2.0","id":0,"result":{"protocolVersion":"2024-11-05","capabilities":{"tools":{}},"serverInfo":{"name":"agentfarm2-game","version":"0.1.0"}}}
2026-08-22T16:08:33.314Z === MCP server 启动 (pid 28328) ===
2026-08-22T16:08:33.321Z msg: {"method":"initialize","params":{"protocolVersion":"2025-11-25","capabilities":{"sampling":{"tools":{}},"elicitation":{"form":{},"url":{}}},"clientInfo":{"name":"mcp","version":"0.1.0"}},"jsonrpc":"2.
2026-08-22T16:08:33.322Z >> {"jsonrpc":"2.0","id":0,"result":{"protocolVersion":"2024-11-05","capabilities":{"tools":{}},"serverInfo":{"name":"agentfarm2-game","version":"0.1.0"}}}
2026-08-22T16:08:34.635Z === MCP server 启动 (pid 20332) ===
2026-08-22T16:08:34.642Z msg: {"method":"initialize","params":{"protocolVersion":"2025-11-25","capabilities":{"sampling":{"tools":{}},"elicitation":{"form":{},"url":{}}},"clientInfo":{"name":"mcp","version":"0.1.0"}},"jsonrpc":"2.
2026-08-22T16:08:34.643Z >> {"jsonrpc":"2.0","id":0,"result":{"protocolVersion":"2024-11-05","capabilities":{"tools":{}},"serverInfo":{"name":"agentfarm2-game","version":"0.1.0"}}}
2026-08-22T16:08:36.730Z === MCP server 启动 (pid 2392) ===
2026-08-22T16:08:36.737Z msg: {"method":"initialize","params":{"protocolVersion":"2025-11-25","capabilities":{"sampling":{"tools":{}},"elicitation":{"form":{},"url":{}}},"clientInfo":{"name":"mcp","version":"0.1.0"}},"jsonrpc":"2.
2026-08-22T16:08:36.737Z >> {"jsonrpc":"2.0","id":0,"result":{"protocolVersion":"2024-11-05","capabilities":{"tools":{}},"serverInfo":{"name":"agentfarm2-game","version":"0.1.0"}}}
2026-08-22T16:08:40.798Z === MCP server 启动 (pid 19904) ===
2026-08-22T16:08:40.805Z msg: {"method":"initialize","params":{"protocolVersion":"2025-11-25","capabilities":{"sampling":{"tools":{}},"elicitation":{"form":{},"url":{}}},"clientInfo":{"name":"mcp","version":"0.1.0"}},"jsonrpc":"2.
2026-08-22T16:08:40.805Z >> {"jsonrpc":"2.0","id":0,"result":{"protocolVersion":"2024-11-05","capabilities":{"tools":{}},"serverInfo":{"name":"agentfarm2-game","version":"0.1.0"}}}
2026-08-23T03:26:21.163Z === MCP server 启动 (pid 34592) ===
2026-08-23T03:26:21.178Z msg: {"method":"initialize","params":{"protocolVersion":"2025-11-25","capabilities":{"sampling":{"tools":{}},"elicitation":{"form":{},"url":{}}},"clientInfo":{"name":"mcp","version":"0.1.0"}},"jsonrpc":"2.
2026-08-23T03:26:21.178Z >> {"jsonrpc":"2.0","id":0,"result":{"protocolVersion":"2024-11-05","capabilities":{"tools":{}},"serverInfo":{"name":"agentfarm2-game","version":"0.1.0"}}}
2026-08-23T03:26:22.572Z === MCP server 启动 (pid 7172) ===
2026-08-23T03:26:22.579Z msg: {"method":"initialize","params":{"protocolVersion":"2025-11-25","capabilities":{"sampling":{"tools":{}},"elicitation":{"form":{},"url":{}}},"clientInfo":{"name":"mcp","version":"0.1.0"}},"jsonrpc":"2.
2026-08-23T03:26:22.580Z >> {"jsonrpc":"2.0","id":0,"result":{"protocolVersion":"2024-11-05","capabilities":{"tools":{}},"serverInfo":{"name":"agentfarm2-game","version":"0.1.0"}}}
2026-08-23T03:26:24.754Z === MCP server 启动 (pid 25924) ===
2026-08-23T03:26:24.761Z msg: {"method":"initialize","params":{"protocolVersion":"2025-11-25","capabilities":{"sampling":{"tools":{}},"elicitation":{"form":{},"url":{}}},"clientInfo":{"name":"mcp","version":"0.1.0"}},"jsonrpc":"2.
2026-08-23T03:26:24.762Z >> {"jsonrpc":"2.0","id":0,"result":{"protocolVersion":"2024-11-05","capabilities":{"tools":{}},"serverInfo":{"name":"agentfarm2-game","version":"0.1.0"}}}
2026-08-23T03:26:28.976Z === MCP server 启动 (pid 23296) ===
2026-08-23T03:26:28.983Z msg: {"method":"initialize","params":{"protocolVersion":"2025-11-25","capabilities":{"sampling":{"tools":{}},"elicitation":{"form":{},"url":{}}},"clientInfo":{"name":"mcp","version":"0.1.0"}},"jsonrpc":"2.
2026-08-23T03:26:28.983Z >> {"jsonrpc":"2.0","id":0,"result":{"protocolVersion":"2024-11-05","capabilities":{"tools":{}},"serverInfo":{"name":"agentfarm2-game","version":"0.1.0"}}}
2026-08-23T03:31:29.245Z === MCP server 启动 (pid 29500) ===
2026-08-23T03:31:29.251Z msg: {"method":"initialize","params":{"protocolVersion":"2025-11-25","capabilities":{"sampling":{"tools":{}},"elicitation":{"form":{},"url":{}}},"clientInfo":{"name":"mcp","version":"0.1.0"}},"jsonrpc":"2.
2026-08-23T03:31:29.252Z >> {"jsonrpc":"2.0","id":0,"result":{"protocolVersion":"2024-11-05","capabilities":{"tools":{}},"serverInfo":{"name":"agentfarm2-game","version":"0.1.0"}}}
2026-08-23T03:31:30.484Z === MCP server 启动 (pid 20428) ===
2026-08-23T03:31:30.491Z msg: {"method":"initialize","params":{"protocolVersion":"2025-11-25","capabilities":{"sampling":{"tools":{}},"elicitation":{"form":{},"url":{}}},"clientInfo":{"name":"mcp","version":"0.1.0"}},"jsonrpc":"2.
2026-08-23T03:31:30.491Z >> {"jsonrpc":"2.0","id":0,"result":{"protocolVersion":"2024-11-05","capabilities":{"tools":{}},"serverInfo":{"name":"agentfarm2-game","version":"0.1.0"}}}
2026-08-23T03:31:32.921Z === MCP server 启动 (pid 36612) ===
2026-08-23T03:31:32.928Z msg: {"method":"initialize","params":{"protocolVersion":"2025-11-25","capabilities":{"sampling":{"tools":{}},"elicitation":{"form":{},"url":{}}},"clientInfo":{"name":"mcp","version":"0.1.0"}},"jsonrpc":"2.
2026-08-23T03:31:32.929Z >> {"jsonrpc":"2.0","id":0,"result":{"protocolVersion":"2024-11-05","capabilities":{"tools":{}},"serverInfo":{"name":"agentfarm2-game","version":"0.1.0"}}}
2026-08-23T03:31:37.427Z === MCP server 启动 (pid 4960) ===
2026-08-23T03:31:37.434Z msg: {"method":"initialize","params":{"protocolVersion":"2025-11-25","capabilities":{"sampling":{"tools":{}},"elicitation":{"form":{},"url":{}}},"clientInfo":{"name":"mcp","version":"0.1.0"}},"jsonrpc":"2.
2026-08-23T03:31:37.435Z >> {"jsonrpc":"2.0","id":0,"result":{"protocolVersion":"2024-11-05","capabilities":{"tools":{}},"serverInfo":{"name":"agentfarm2-game","version":"0.1.0"}}}
2026-08-23T03:36:37.689Z === MCP server 启动 (pid 38304) ===
2026-08-23T03:36:37.696Z msg: {"method":"initialize","params":{"protocolVersion":"2025-11-25","capabilities":{"sampling":{"tools":{}},"elicitation":{"form":{},"url":{}}},"clientInfo":{"name":"mcp","version":"0.1.0"}},"jsonrpc":"2.
2026-08-23T03:36:37.697Z >> {"jsonrpc":"2.0","id":0,"result":{"protocolVersion":"2024-11-05","capabilities":{"tools":{}},"serverInfo":{"name":"agentfarm2-game","version":"0.1.0"}}}
2026-08-23T03:36:39.041Z === MCP server 启动 (pid 12704) ===
2026-08-23T03:36:39.048Z msg: {"method":"initialize","params":{"protocolVersion":"2025-11-25","capabilities":{"sampling":{"tools":{}},"elicitation":{"form":{},"url":{}}},"clientInfo":{"name":"mcp","version":"0.1.0"}},"jsonrpc":"2.
2026-08-23T03:36:39.049Z >> {"jsonrpc":"2.0","id":0,"result":{"protocolVersion":"2024-11-05","capabilities":{"tools":{}},"serverInfo":{"name":"agentfarm2-game","version":"0.1.0"}}}
2026-08-23T03:36:41.253Z === MCP server 启动 (pid 10480) ===
2026-08-23T03:36:41.260Z msg: {"method":"initialize","params":{"protocolVersion":"2025-11-25","capabilities":{"sampling":{"tools":{}},"elicitation":{"form":{},"url":{}}},"clientInfo":{"name":"mcp","version":"0.1.0"}},"jsonrpc":"2.
2026-08-23T03:36:41.261Z >> {"jsonrpc":"2.0","id":0,"result":{"protocolVersion":"2024-11-05","capabilities":{"tools":{}},"serverInfo":{"name":"agentfarm2-game","version":"0.1.0"}}}
2026-08-23T03:36:45.276Z === MCP server 启动 (pid 14816) ===
2026-08-23T03:36:45.283Z msg: {"method":"initialize","params":{"protocolVersion":"2025-11-25","capabilities":{"sampling":{"tools":{}},"elicitation":{"form":{},"url":{}}},"clientInfo":{"name":"mcp","version":"0.1.0"}},"jsonrpc":"2.
2026-08-23T03:36:45.284Z >> {"jsonrpc":"2.0","id":0,"result":{"protocolVersion":"2024-11-05","capabilities":{"tools":{}},"serverInfo":{"name":"agentfarm2-game","version":"0.1.0"}}}
2026-08-23T03:41:45.546Z === MCP server 启动 (pid 37568) ===
2026-08-23T03:41:45.553Z msg: {"method":"initialize","params":{"protocolVersion":"2025-11-25","capabilities":{"sampling":{"tools":{}},"elicitation":{"form":{},"url":{}}},"clientInfo":{"name":"mcp","version":"0.1.0"}},"jsonrpc":"2.
2026-08-23T03:41:45.554Z >> {"jsonrpc":"2.0","id":0,"result":{"protocolVersion":"2024-11-05","capabilities":{"tools":{}},"serverInfo":{"name":"agentfarm2-game","version":"0.1.0"}}}
2026-08-23T03:41:46.756Z === MCP server 启动 (pid 15444) ===
2026-08-23T03:41:46.762Z msg: {"method":"initialize","params":{"protocolVersion":"2025-11-25","capabilities":{"sampling":{"tools":{}},"elicitation":{"form":{},"url":{}}},"clientInfo":{"name":"mcp","version":"0.1.0"}},"jsonrpc":"2.
2026-08-23T03:41:46.763Z >> {"jsonrpc":"2.0","id":0,"result":{"protocolVersion":"2024-11-05","capabilities":{"tools":{}},"serverInfo":{"name":"agentfarm2-game","version":"0.1.0"}}}
2026-08-23T03:41:49.140Z === MCP server 启动 (pid 25448) ===
2026-08-23T03:41:49.146Z msg: {"method":"initialize","params":{"protocolVersion":"2025-11-25","capabilities":{"sampling":{"tools":{}},"elicitation":{"form":{},"url":{}}},"clientInfo":{"name":"mcp","version":"0.1.0"}},"jsonrpc":"2.
2026-08-23T03:41:49.147Z >> {"jsonrpc":"2.0","id":0,"result":{"protocolVersion":"2024-11-05","capabilities":{"tools":{}},"serverInfo":{"name":"agentfarm2-game","version":"0.1.0"}}}
2026-08-23T03:41:53.493Z === MCP server 启动 (pid 39360) ===
2026-08-23T03:41:53.500Z msg: {"method":"initialize","params":{"protocolVersion":"2025-11-25","capabilities":{"sampling":{"tools":{}},"elicitation":{"form":{},"url":{}}},"clientInfo":{"name":"mcp","version":"0.1.0"}},"jsonrpc":"2.
2026-08-23T03:41:53.501Z >> {"jsonrpc":"2.0","id":0,"result":{"protocolVersion":"2024-11-05","capabilities":{"tools":{}},"serverInfo":{"name":"agentfarm2-game","version":"0.1.0"}}}
2026-08-23T03:46:53.774Z === MCP server 启动 (pid 16100) ===
2026-08-23T03:46:53.781Z msg: {"method":"initialize","params":{"protocolVersion":"2025-11-25","capabilities":{"sampling":{"tools":{}},"elicitation":{"form":{},"url":{}}},"clientInfo":{"name":"mcp","version":"0.1.0"}},"jsonrpc":"2.
2026-08-23T03:46:53.782Z >> {"jsonrpc":"2.0","id":0,"result":{"protocolVersion":"2024-11-05","capabilities":{"tools":{}},"serverInfo":{"name":"agentfarm2-game","version":"0.1.0"}}}
2026-08-23T03:46:54.854Z === MCP server 启动 (pid 39556) ===
2026-08-23T03:46:54.861Z msg: {"method":"initialize","params":{"protocolVersion":"2025-11-25","capabilities":{"sampling":{"tools":{}},"elicitation":{"form":{},"url":{}}},"clientInfo":{"name":"mcp","version":"0.1.0"}},"jsonrpc":"2.
2026-08-23T03:46:54.862Z >> {"jsonrpc":"2.0","id":0,"result":{"protocolVersion":"2024-11-05","capabilities":{"tools":{}},"serverInfo":{"name":"agentfarm2-game","version":"0.1.0"}}}
2026-08-23T03:46:57.026Z === MCP server 启动 (pid 9880) ===
2026-08-23T03:46:57.033Z msg: {"method":"initialize","params":{"protocolVersion":"2025-11-25","capabilities":{"sampling":{"tools":{}},"elicitation":{"form":{},"url":{}}},"clientInfo":{"name":"mcp","version":"0.1.0"}},"jsonrpc":"2.
2026-08-23T03:46:57.034Z >> {"jsonrpc":"2.0","id":0,"result":{"protocolVersion":"2024-11-05","capabilities":{"tools":{}},"serverInfo":{"name":"agentfarm2-game","version":"0.1.0"}}}
2026-08-23T03:47:01.850Z === MCP server 启动 (pid 20632) ===
2026-08-23T03:47:01.857Z msg: {"method":"initialize","params":{"protocolVersion":"2025-11-25","capabilities":{"sampling":{"tools":{}},"elicitation":{"form":{},"url":{}}},"clientInfo":{"name":"mcp","version":"0.1.0"}},"jsonrpc":"2.
2026-08-23T03:47:01.857Z >> {"jsonrpc":"2.0","id":0,"result":{"protocolVersion":"2024-11-05","capabilities":{"tools":{}},"serverInfo":{"name":"agentfarm2-game","version":"0.1.0"}}}
2026-08-23T03:52:02.135Z === MCP server 启动 (pid 11984) ===
2026-08-23T03:52:02.142Z msg: {"method":"initialize","params":{"protocolVersion":"2025-11-25","capabilities":{"sampling":{"tools":{}},"elicitation":{"form":{},"url":{}}},"clientInfo":{"name":"mcp","version":"0.1.0"}},"jsonrpc":"2.
2026-08-23T03:52:02.142Z >> {"jsonrpc":"2.0","id":0,"result":{"protocolVersion":"2024-11-05","capabilities":{"tools":{}},"serverInfo":{"name":"agentfarm2-game","version":"0.1.0"}}}
2026-08-23T03:52:03.607Z === MCP server 启动 (pid 29428) ===
2026-08-23T03:52:03.614Z msg: {"method":"initialize","params":{"protocolVersion":"2025-11-25","capabilities":{"sampling":{"tools":{}},"elicitation":{"form":{},"url":{}}},"clientInfo":{"name":"mcp","version":"0.1.0"}},"jsonrpc":"2.
2026-08-23T03:52:03.615Z >> {"jsonrpc":"2.0","id":0,"result":{"protocolVersion":"2024-11-05","capabilities":{"tools":{}},"serverInfo":{"name":"agentfarm2-game","version":"0.1.0"}}}
2026-08-23T03:52:06.181Z === MCP server 启动 (pid 25964) ===
2026-08-23T03:52:06.188Z msg: {"method":"initialize","params":{"protocolVersion":"2025-11-25","capabilities":{"sampling":{"tools":{}},"elicitation":{"form":{},"url":{}}},"clientInfo":{"name":"mcp","version":"0.1.0"}},"jsonrpc":"2.
2026-08-23T03:52:06.189Z >> {"jsonrpc":"2.0","id":0,"result":{"protocolVersion":"2024-11-05","capabilities":{"tools":{}},"serverInfo":{"name":"agentfarm2-game","version":"0.1.0"}}}
2026-08-23T03:52:10.900Z === MCP server 启动 (pid 15912) ===
2026-08-23T03:52:10.907Z msg: {"method":"initialize","params":{"protocolVersion":"2025-11-25","capabilities":{"sampling":{"tools":{}},"elicitation":{"form":{},"url":{}}},"clientInfo":{"name":"mcp","version":"0.1.0"}},"jsonrpc":"2.
2026-08-23T03:52:10.907Z >> {"jsonrpc":"2.0","id":0,"result":{"protocolVersion":"2024-11-05","capabilities":{"tools":{}},"serverInfo":{"name":"agentfarm2-game","version":"0.1.0"}}}
2026-08-23T03:57:11.199Z === MCP server 启动 (pid 23844) ===
2026-08-23T03:57:11.206Z msg: {"method":"initialize","params":{"protocolVersion":"2025-11-25","capabilities":{"sampling":{"tools":{}},"elicitation":{"form":{},"url":{}}},"clientInfo":{"name":"mcp","version":"0.1.0"}},"jsonrpc":"2.
2026-08-23T03:57:11.206Z >> {"jsonrpc":"2.0","id":0,"result":{"protocolVersion":"2024-11-05","capabilities":{"tools":{}},"serverInfo":{"name":"agentfarm2-game","version":"0.1.0"}}}
2026-08-23T03:57:12.399Z === MCP server 启动 (pid 34804) ===
2026-08-23T03:57:12.406Z msg: {"method":"initialize","params":{"protocolVersion":"2025-11-25","capabilities":{"sampling":{"tools":{}},"elicitation":{"form":{},"url":{}}},"clientInfo":{"name":"mcp","version":"0.1.0"}},"jsonrpc":"2.
2026-08-23T03:57:12.407Z >> {"jsonrpc":"2.0","id":0,"result":{"protocolVersion":"2024-11-05","capabilities":{"tools":{}},"serverInfo":{"name":"agentfarm2-game","version":"0.1.0"}}}
2026-08-23T03:57:14.785Z === MCP server 启动 (pid 15348) ===
2026-08-23T03:57:14.792Z msg: {"method":"initialize","params":{"protocolVersion":"2025-11-25","capabilities":{"sampling":{"tools":{}},"elicitation":{"form":{},"url":{}}},"clientInfo":{"name":"mcp","version":"0.1.0"}},"jsonrpc":"2.
2026-08-23T03:57:14.792Z >> {"jsonrpc":"2.0","id":0,"result":{"protocolVersion":"2024-11-05","capabilities":{"tools":{}},"serverInfo":{"name":"agentfarm2-game","version":"0.1.0"}}}
2026-08-23T03:57:18.468Z === MCP server 启动 (pid 20440) ===
2026-08-23T03:57:18.474Z msg: {"method":"initialize","params":{"protocolVersion":"2025-11-25","capabilities":{"sampling":{"tools":{}},"elicitation":{"form":{},"url":{}}},"clientInfo":{"name":"mcp","version":"0.1.0"}},"jsonrpc":"2.
2026-08-23T03:57:18.475Z >> {"jsonrpc":"2.0","id":0,"result":{"protocolVersion":"2024-11-05","capabilities":{"tools":{}},"serverInfo":{"name":"agentfarm2-game","version":"0.1.0"}}}
2026-08-23T04:02:18.747Z === MCP server 启动 (pid 36156) ===
2026-08-23T04:02:18.753Z msg: {"method":"initialize","params":{"protocolVersion":"2025-11-25","capabilities":{"sampling":{"tools":{}},"elicitation":{"form":{},"url":{}}},"clientInfo":{"name":"mcp","version":"0.1.0"}},"jsonrpc":"2.
2026-08-23T04:02:18.754Z >> {"jsonrpc":"2.0","id":0,"result":{"protocolVersion":"2024-11-05","capabilities":{"tools":{}},"serverInfo":{"name":"agentfarm2-game","version":"0.1.0"}}}
2026-08-23T04:02:19.821Z === MCP server 启动 (pid 33096) ===
2026-08-23T04:02:19.828Z msg: {"method":"initialize","params":{"protocolVersion":"2025-11-25","capabilities":{"sampling":{"tools":{}},"elicitation":{"form":{},"url":{}}},"clientInfo":{"name":"mcp","version":"0.1.0"}},"jsonrpc":"2.
2026-08-23T04:02:19.828Z >> {"jsonrpc":"2.0","id":0,"result":{"protocolVersion":"2024-11-05","capabilities":{"tools":{}},"serverInfo":{"name":"agentfarm2-game","version":"0.1.0"}}}
2026-08-23T04:02:22.411Z === MCP server 启动 (pid 23116) ===
2026-08-23T04:02:22.418Z msg: {"method":"initialize","params":{"protocolVersion":"2025-11-25","capabilities":{"sampling":{"tools":{}},"elicitation":{"form":{},"url":{}}},"clientInfo":{"name":"mcp","version":"0.1.0"}},"jsonrpc":"2.
2026-08-23T04:02:22.419Z >> {"jsonrpc":"2.0","id":0,"result":{"protocolVersion":"2024-11-05","capabilities":{"tools":{}},"serverInfo":{"name":"agentfarm2-game","version":"0.1.0"}}}
2026-08-23T04:02:26.003Z === MCP server 启动 (pid 12104) ===
2026-08-23T04:02:26.009Z msg: {"method":"initialize","params":{"protocolVersion":"2025-11-25","capabilities":{"sampling":{"tools":{}},"elicitation":{"form":{},"url":{}}},"clientInfo":{"name":"mcp","version":"0.1.0"}},"jsonrpc":"2.
2026-08-23T04:02:26.010Z >> {"jsonrpc":"2.0","id":0,"result":{"protocolVersion":"2024-11-05","capabilities":{"tools":{}},"serverInfo":{"name":"agentfarm2-game","version":"0.1.0"}}}
2026-08-23T04:07:26.272Z === MCP server 启动 (pid 33532) ===
2026-08-23T04:07:26.279Z msg: {"method":"initialize","params":{"protocolVersion":"2025-11-25","capabilities":{"sampling":{"tools":{}},"elicitation":{"form":{},"url":{}}},"clientInfo":{"name":"mcp","version":"0.1.0"}},"jsonrpc":"2.
2026-08-23T04:07:26.280Z >> {"jsonrpc":"2.0","id":0,"result":{"protocolVersion":"2024-11-05","capabilities":{"tools":{}},"serverInfo":{"name":"agentfarm2-game","version":"0.1.0"}}}
2026-08-23T04:07:27.367Z === MCP server 启动 (pid 12272) ===
2026-08-23T04:07:27.374Z msg: {"method":"initialize","params":{"protocolVersion":"2025-11-25","capabilities":{"sampling":{"tools":{}},"elicitation":{"form":{},"url":{}}},"clientInfo":{"name":"mcp","version":"0.1.0"}},"jsonrpc":"2.
2026-08-23T04:07:27.374Z >> {"jsonrpc":"2.0","id":0,"result":{"protocolVersion":"2024-11-05","capabilities":{"tools":{}},"serverInfo":{"name":"agentfarm2-game","version":"0.1.0"}}}
2026-08-23T04:07:29.820Z === MCP server 启动 (pid 10912) ===
2026-08-23T04:07:29.826Z msg: {"method":"initialize","params":{"protocolVersion":"2025-11-25","capabilities":{"sampling":{"tools":{}},"elicitation":{"form":{},"url":{}}},"clientInfo":{"name":"mcp","version":"0.1.0"}},"jsonrpc":"2.
2026-08-23T04:07:29.827Z >> {"jsonrpc":"2.0","id":0,"result":{"protocolVersion":"2024-11-05","capabilities":{"tools":{}},"serverInfo":{"name":"agentfarm2-game","version":"0.1.0"}}}
2026-08-23T04:07:34.609Z === MCP server 启动 (pid 29996) ===
2026-08-23T04:07:34.615Z msg: {"method":"initialize","params":{"protocolVersion":"2025-11-25","capabilities":{"sampling":{"tools":{}},"elicitation":{"form":{},"url":{}}},"clientInfo":{"name":"mcp","version":"0.1.0"}},"jsonrpc":"2.
2026-08-23T04:07:34.616Z >> {"jsonrpc":"2.0","id":0,"result":{"protocolVersion":"2024-11-05","capabilities":{"tools":{}},"serverInfo":{"name":"agentfarm2-game","version":"0.1.0"}}}
2026-08-23T04:12:34.875Z === MCP server 启动 (pid 7348) ===
2026-08-23T04:12:34.882Z msg: {"method":"initialize","params":{"protocolVersion":"2025-11-25","capabilities":{"sampling":{"tools":{}},"elicitation":{"form":{},"url":{}}},"clientInfo":{"name":"mcp","version":"0.1.0"}},"jsonrpc":"2.
2026-08-23T04:12:34.882Z >> {"jsonrpc":"2.0","id":0,"result":{"protocolVersion":"2024-11-05","capabilities":{"tools":{}},"serverInfo":{"name":"agentfarm2-game","version":"0.1.0"}}}
2026-08-23T04:12:36.313Z === MCP server 启动 (pid 33096) ===
2026-08-23T04:12:36.320Z msg: {"method":"initialize","params":{"protocolVersion":"2025-11-25","capabilities":{"sampling":{"tools":{}},"elicitation":{"form":{},"url":{}}},"clientInfo":{"name":"mcp","version":"0.1.0"}},"jsonrpc":"2.
2026-08-23T04:12:36.321Z >> {"jsonrpc":"2.0","id":0,"result":{"protocolVersion":"2024-11-05","capabilities":{"tools":{}},"serverInfo":{"name":"agentfarm2-game","version":"0.1.0"}}}
2026-08-23T04:12:38.777Z === MCP server 启动 (pid 29044) ===
2026-08-23T04:12:38.783Z msg: {"method":"initialize","params":{"protocolVersion":"2025-11-25","capabilities":{"sampling":{"tools":{}},"elicitation":{"form":{},"url":{}}},"clientInfo":{"name":"mcp","version":"0.1.0"}},"jsonrpc":"2.
2026-08-23T04:12:38.784Z >> {"jsonrpc":"2.0","id":0,"result":{"protocolVersion":"2024-11-05","capabilities":{"tools":{}},"serverInfo":{"name":"agentfarm2-game","version":"0.1.0"}}}
2026-08-23T04:12:43.037Z === MCP server 启动 (pid 29748) ===
2026-08-23T04:12:43.044Z msg: {"method":"initialize","params":{"protocolVersion":"2025-11-25","capabilities":{"sampling":{"tools":{}},"elicitation":{"form":{},"url":{}}},"clientInfo":{"name":"mcp","version":"0.1.0"}},"jsonrpc":"2.
2026-08-23T04:12:43.045Z >> {"jsonrpc":"2.0","id":0,"result":{"protocolVersion":"2024-11-05","capabilities":{"tools":{}},"serverInfo":{"name":"agentfarm2-game","version":"0.1.0"}}}
2026-08-23T04:17:43.326Z === MCP server 启动 (pid 1448) ===
2026-08-23T04:17:43.334Z msg: {"method":"initialize","params":{"protocolVersion":"2025-11-25","capabilities":{"sampling":{"tools":{}},"elicitation":{"form":{},"url":{}}},"clientInfo":{"name":"mcp","version":"0.1.0"}},"jsonrpc":"2.
2026-08-23T04:17:43.335Z >> {"jsonrpc":"2.0","id":0,"result":{"protocolVersion":"2024-11-05","capabilities":{"tools":{}},"serverInfo":{"name":"agentfarm2-game","version":"0.1.0"}}}
2026-08-23T04:17:44.772Z === MCP server 启动 (pid 39600) ===
2026-08-23T04:17:44.778Z msg: {"method":"initialize","params":{"protocolVersion":"2025-11-25","capabilities":{"sampling":{"tools":{}},"elicitation":{"form":{},"url":{}}},"clientInfo":{"name":"mcp","version":"0.1.0"}},"jsonrpc":"2.
2026-08-23T04:17:44.779Z >> {"jsonrpc":"2.0","id":0,"result":{"protocolVersion":"2024-11-05","capabilities":{"tools":{}},"serverInfo":{"name":"agentfarm2-game","version":"0.1.0"}}}
2026-08-23T04:17:46.964Z === MCP server 启动 (pid 15648) ===
2026-08-23T04:17:46.971Z msg: {"method":"initialize","params":{"protocolVersion":"2025-11-25","capabilities":{"sampling":{"tools":{}},"elicitation":{"form":{},"url":{}}},"clientInfo":{"name":"mcp","version":"0.1.0"}},"jsonrpc":"2.
2026-08-23T04:17:46.972Z >> {"jsonrpc":"2.0","id":0,"result":{"protocolVersion":"2024-11-05","capabilities":{"tools":{}},"serverInfo":{"name":"agentfarm2-game","version":"0.1.0"}}}
2026-08-23T04:17:50.924Z === MCP server 启动 (pid 2876) ===
2026-08-23T04:17:50.931Z msg: {"method":"initialize","params":{"protocolVersion":"2025-11-25","capabilities":{"sampling":{"tools":{}},"elicitation":{"form":{},"url":{}}},"clientInfo":{"name":"mcp","version":"0.1.0"}},"jsonrpc":"2.
2026-08-23T04:17:50.931Z >> {"jsonrpc":"2.0","id":0,"result":{"protocolVersion":"2024-11-05","capabilities":{"tools":{}},"serverInfo":{"name":"agentfarm2-game","version":"0.1.0"}}}
2026-08-23T04:22:51.189Z === MCP server 启动 (pid 30376) ===
2026-08-23T04:22:51.196Z msg: {"method":"initialize","params":{"protocolVersion":"2025-11-25","capabilities":{"sampling":{"tools":{}},"elicitation":{"form":{},"url":{}}},"clientInfo":{"name":"mcp","version":"0.1.0"}},"jsonrpc":"2.
2026-08-23T04:22:51.197Z >> {"jsonrpc":"2.0","id":0,"result":{"protocolVersion":"2024-11-05","capabilities":{"tools":{}},"serverInfo":{"name":"agentfarm2-game","version":"0.1.0"}}}
2026-08-23T04:22:52.606Z === MCP server 启动 (pid 23988) ===
2026-08-23T04:22:52.613Z msg: {"method":"initialize","params":{"protocolVersion":"2025-11-25","capabilities":{"sampling":{"tools":{}},"elicitation":{"form":{},"url":{}}},"clientInfo":{"name":"mcp","version":"0.1.0"}},"jsonrpc":"2.
2026-08-23T04:22:52.613Z >> {"jsonrpc":"2.0","id":0,"result":{"protocolVersion":"2024-11-05","capabilities":{"tools":{}},"serverInfo":{"name":"agentfarm2-game","version":"0.1.0"}}}
2026-08-23T04:22:54.533Z === MCP server 启动 (pid 8596) ===
2026-08-23T04:22:54.539Z msg: {"method":"initialize","params":{"protocolVersion":"2025-11-25","capabilities":{"sampling":{"tools":{}},"elicitation":{"form":{},"url":{}}},"clientInfo":{"name":"mcp","version":"0.1.0"}},"jsonrpc":"2.
2026-08-23T04:22:54.540Z >> {"jsonrpc":"2.0","id":0,"result":{"protocolVersion":"2024-11-05","capabilities":{"tools":{}},"serverInfo":{"name":"agentfarm2-game","version":"0.1.0"}}}
2026-08-23T04:22:58.260Z === MCP server 启动 (pid 39816) ===
2026-08-23T04:22:58.267Z msg: {"method":"initialize","params":{"protocolVersion":"2025-11-25","capabilities":{"sampling":{"tools":{}},"elicitation":{"form":{},"url":{}}},"clientInfo":{"name":"mcp","version":"0.1.0"}},"jsonrpc":"2.
2026-08-23T04:22:58.267Z >> {"jsonrpc":"2.0","id":0,"result":{"protocolVersion":"2024-11-05","capabilities":{"tools":{}},"serverInfo":{"name":"agentfarm2-game","version":"0.1.0"}}}
2026-08-23T04:27:58.515Z === MCP server 启动 (pid 22056) ===
2026-08-23T04:27:58.523Z msg: {"method":"initialize","params":{"protocolVersion":"2025-11-25","capabilities":{"sampling":{"tools":{}},"elicitation":{"form":{},"url":{}}},"clientInfo":{"name":"mcp","version":"0.1.0"}},"jsonrpc":"2.
2026-08-23T04:27:58.524Z >> {"jsonrpc":"2.0","id":0,"result":{"protocolVersion":"2024-11-05","capabilities":{"tools":{}},"serverInfo":{"name":"agentfarm2-game","version":"0.1.0"}}}
2026-08-23T04:27:59.752Z === MCP server 启动 (pid 6012) ===
2026-08-23T04:27:59.759Z msg: {"method":"initialize","params":{"protocolVersion":"2025-11-25","capabilities":{"sampling":{"tools":{}},"elicitation":{"form":{},"url":{}}},"clientInfo":{"name":"mcp","version":"0.1.0"}},"jsonrpc":"2.
2026-08-23T04:27:59.760Z >> {"jsonrpc":"2.0","id":0,"result":{"protocolVersion":"2024-11-05","capabilities":{"tools":{}},"serverInfo":{"name":"agentfarm2-game","version":"0.1.0"}}}
2026-08-23T04:28:01.906Z === MCP server 启动 (pid 19804) ===
2026-08-23T04:28:01.913Z msg: {"method":"initialize","params":{"protocolVersion":"2025-11-25","capabilities":{"sampling":{"tools":{}},"elicitation":{"form":{},"url":{}}},"clientInfo":{"name":"mcp","version":"0.1.0"}},"jsonrpc":"2.
2026-08-23T04:28:01.914Z >> {"jsonrpc":"2.0","id":0,"result":{"protocolVersion":"2024-11-05","capabilities":{"tools":{}},"serverInfo":{"name":"agentfarm2-game","version":"0.1.0"}}}
2026-08-23T04:28:06.699Z === MCP server 启动 (pid 9636) ===
2026-08-23T04:28:06.707Z msg: {"method":"initialize","params":{"protocolVersion":"2025-11-25","capabilities":{"sampling":{"tools":{}},"elicitation":{"form":{},"url":{}}},"clientInfo":{"name":"mcp","version":"0.1.0"}},"jsonrpc":"2.
2026-08-23T04:28:06.708Z >> {"jsonrpc":"2.0","id":0,"result":{"protocolVersion":"2024-11-05","capabilities":{"tools":{}},"serverInfo":{"name":"agentfarm2-game","version":"0.1.0"}}}
2026-08-23T04:33:06.989Z === MCP server 启动 (pid 26600) ===
2026-08-23T04:33:06.997Z msg: {"method":"initialize","params":{"protocolVersion":"2025-11-25","capabilities":{"sampling":{"tools":{}},"elicitation":{"form":{},"url":{}}},"clientInfo":{"name":"mcp","version":"0.1.0"}},"jsonrpc":"2.
2026-08-23T04:33:06.997Z >> {"jsonrpc":"2.0","id":0,"result":{"protocolVersion":"2024-11-05","capabilities":{"tools":{}},"serverInfo":{"name":"agentfarm2-game","version":"0.1.0"}}}
2026-08-23T04:33:08.371Z === MCP server 启动 (pid 22740) ===
2026-08-23T04:33:08.380Z msg: {"method":"initialize","params":{"protocolVersion":"2025-11-25","capabilities":{"sampling":{"tools":{}},"elicitation":{"form":{},"url":{}}},"clientInfo":{"name":"mcp","version":"0.1.0"}},"jsonrpc":"2.
2026-08-23T04:33:08.381Z >> {"jsonrpc":"2.0","id":0,"result":{"protocolVersion":"2024-11-05","capabilities":{"tools":{}},"serverInfo":{"name":"agentfarm2-game","version":"0.1.0"}}}
2026-08-23T04:33:10.824Z === MCP server 启动 (pid 21172) ===
2026-08-23T04:33:10.831Z msg: {"method":"initialize","params":{"protocolVersion":"2025-11-25","capabilities":{"sampling":{"tools":{}},"elicitation":{"form":{},"url":{}}},"clientInfo":{"name":"mcp","version":"0.1.0"}},"jsonrpc":"2.
2026-08-23T04:33:10.831Z >> {"jsonrpc":"2.0","id":0,"result":{"protocolVersion":"2024-11-05","capabilities":{"tools":{}},"serverInfo":{"name":"agentfarm2-game","version":"0.1.0"}}}
2026-08-23T04:33:15.501Z === MCP server 启动 (pid 36108) ===
2026-08-23T04:33:15.509Z msg: {"method":"initialize","params":{"protocolVersion":"2025-11-25","capabilities":{"sampling":{"tools":{}},"elicitation":{"form":{},"url":{}}},"clientInfo":{"name":"mcp","version":"0.1.0"}},"jsonrpc":"2.
2026-08-23T04:33:15.509Z >> {"jsonrpc":"2.0","id":0,"result":{"protocolVersion":"2024-11-05","capabilities":{"tools":{}},"serverInfo":{"name":"agentfarm2-game","version":"0.1.0"}}}
2026-08-23T07:06:00.643Z === MCP server 启动 (pid 21432) ===
2026-08-23T07:06:00.659Z msg: {"method":"initialize","params":{"protocolVersion":"2025-11-25","capabilities":{"sampling":{"tools":{}},"elicitation":{"form":{},"url":{}}},"clientInfo":{"name":"mcp","version":"0.1.0"}},"jsonrpc":"2.
2026-08-23T07:06:00.659Z >> {"jsonrpc":"2.0","id":0,"result":{"protocolVersion":"2024-11-05","capabilities":{"tools":{}},"serverInfo":{"name":"agentfarm2-game","version":"0.1.0"}}}
2026-08-23T07:06:02.089Z === MCP server 启动 (pid 25944) ===
2026-08-23T07:06:02.096Z msg: {"method":"initialize","params":{"protocolVersion":"2025-11-25","capabilities":{"sampling":{"tools":{}},"elicitation":{"form":{},"url":{}}},"clientInfo":{"name":"mcp","version":"0.1.0"}},"jsonrpc":"2.
2026-08-23T07:06:02.097Z >> {"jsonrpc":"2.0","id":0,"result":{"protocolVersion":"2024-11-05","capabilities":{"tools":{}},"serverInfo":{"name":"agentfarm2-game","version":"0.1.0"}}}
2026-08-23T07:06:04.111Z === MCP server 启动 (pid 16664) ===
2026-08-23T07:06:04.118Z msg: {"method":"initialize","params":{"protocolVersion":"2025-11-25","capabilities":{"sampling":{"tools":{}},"elicitation":{"form":{},"url":{}}},"clientInfo":{"name":"mcp","version":"0.1.0"}},"jsonrpc":"2.
2026-08-23T07:06:04.119Z >> {"jsonrpc":"2.0","id":0,"result":{"protocolVersion":"2024-11-05","capabilities":{"tools":{}},"serverInfo":{"name":"agentfarm2-game","version":"0.1.0"}}}
2026-08-23T07:06:08.313Z === MCP server 启动 (pid 3272) ===
2026-08-23T07:06:08.322Z msg: {"method":"initialize","params":{"protocolVersion":"2025-11-25","capabilities":{"sampling":{"tools":{}},"elicitation":{"form":{},"url":{}}},"clientInfo":{"name":"mcp","version":"0.1.0"}},"jsonrpc":"2.
2026-08-23T07:06:08.323Z >> {"jsonrpc":"2.0","id":0,"result":{"protocolVersion":"2024-11-05","capabilities":{"tools":{}},"serverInfo":{"name":"agentfarm2-game","version":"0.1.0"}}}
2026-08-23T07:11:08.596Z === MCP server 启动 (pid 39200) ===
2026-08-23T07:11:08.604Z msg: {"method":"initialize","params":{"protocolVersion":"2025-11-25","capabilities":{"sampling":{"tools":{}},"elicitation":{"form":{},"url":{}}},"clientInfo":{"name":"mcp","version":"0.1.0"}},"jsonrpc":"2.
2026-08-23T07:11:08.604Z >> {"jsonrpc":"2.0","id":0,"result":{"protocolVersion":"2024-11-05","capabilities":{"tools":{}},"serverInfo":{"name":"agentfarm2-game","version":"0.1.0"}}}
2026-08-23T07:11:09.863Z === MCP server 启动 (pid 11380) ===
2026-08-23T07:11:09.870Z msg: {"method":"initialize","params":{"protocolVersion":"2025-11-25","capabilities":{"sampling":{"tools":{}},"elicitation":{"form":{},"url":{}}},"clientInfo":{"name":"mcp","version":"0.1.0"}},"jsonrpc":"2.
2026-08-23T07:11:09.871Z >> {"jsonrpc":"2.0","id":0,"result":{"protocolVersion":"2024-11-05","capabilities":{"tools":{}},"serverInfo":{"name":"agentfarm2-game","version":"0.1.0"}}}
2026-08-23T07:11:12.478Z === MCP server 启动 (pid 5840) ===
2026-08-23T07:11:12.485Z msg: {"method":"initialize","params":{"protocolVersion":"2025-11-25","capabilities":{"sampling":{"tools":{}},"elicitation":{"form":{},"url":{}}},"clientInfo":{"name":"mcp","version":"0.1.0"}},"jsonrpc":"2.
2026-08-23T07:11:12.485Z >> {"jsonrpc":"2.0","id":0,"result":{"protocolVersion":"2024-11-05","capabilities":{"tools":{}},"serverInfo":{"name":"agentfarm2-game","version":"0.1.0"}}}
2026-08-23T07:11:16.517Z === MCP server 启动 (pid 5532) ===
2026-08-23T07:11:16.524Z msg: {"method":"initialize","params":{"protocolVersion":"2025-11-25","capabilities":{"sampling":{"tools":{}},"elicitation":{"form":{},"url":{}}},"clientInfo":{"name":"mcp","version":"0.1.0"}},"jsonrpc":"2.
2026-08-23T07:11:16.525Z >> {"jsonrpc":"2.0","id":0,"result":{"protocolVersion":"2024-11-05","capabilities":{"tools":{}},"serverInfo":{"name":"agentfarm2-game","version":"0.1.0"}}}
2026-08-23T07:16:16.794Z === MCP server 启动 (pid 6988) ===
2026-08-23T07:16:16.801Z msg: {"method":"initialize","params":{"protocolVersion":"2025-11-25","capabilities":{"sampling":{"tools":{}},"elicitation":{"form":{},"url":{}}},"clientInfo":{"name":"mcp","version":"0.1.0"}},"jsonrpc":"2.
2026-08-23T07:16:16.802Z >> {"jsonrpc":"2.0","id":0,"result":{"protocolVersion":"2024-11-05","capabilities":{"tools":{}},"serverInfo":{"name":"agentfarm2-game","version":"0.1.0"}}}
2026-08-23T07:16:18.067Z === MCP server 启动 (pid 3632) ===
2026-08-23T07:16:18.074Z msg: {"method":"initialize","params":{"protocolVersion":"2025-11-25","capabilities":{"sampling":{"tools":{}},"elicitation":{"form":{},"url":{}}},"clientInfo":{"name":"mcp","version":"0.1.0"}},"jsonrpc":"2.
2026-08-23T07:16:18.075Z >> {"jsonrpc":"2.0","id":0,"result":{"protocolVersion":"2024-11-05","capabilities":{"tools":{}},"serverInfo":{"name":"agentfarm2-game","version":"0.1.0"}}}
2026-08-23T07:16:20.650Z === MCP server 启动 (pid 34768) ===
2026-08-23T07:16:20.657Z msg: {"method":"initialize","params":{"protocolVersion":"2025-11-25","capabilities":{"sampling":{"tools":{}},"elicitation":{"form":{},"url":{}}},"clientInfo":{"name":"mcp","version":"0.1.0"}},"jsonrpc":"2.
2026-08-23T07:16:20.657Z >> {"jsonrpc":"2.0","id":0,"result":{"protocolVersion":"2024-11-05","capabilities":{"tools":{}},"serverInfo":{"name":"agentfarm2-game","version":"0.1.0"}}}
2026-08-23T07:16:24.859Z === MCP server 启动 (pid 21916) ===
2026-08-23T07:16:24.866Z msg: {"method":"initialize","params":{"protocolVersion":"2025-11-25","capabilities":{"sampling":{"tools":{}},"elicitation":{"form":{},"url":{}}},"clientInfo":{"name":"mcp","version":"0.1.0"}},"jsonrpc":"2.
2026-08-23T07:16:24.866Z >> {"jsonrpc":"2.0","id":0,"result":{"protocolVersion":"2024-11-05","capabilities":{"tools":{}},"serverInfo":{"name":"agentfarm2-game","version":"0.1.0"}}}
2026-08-23T07:21:25.144Z === MCP server 启动 (pid 30160) ===
2026-08-23T07:21:25.151Z msg: {"method":"initialize","params":{"protocolVersion":"2025-11-25","capabilities":{"sampling":{"tools":{}},"elicitation":{"form":{},"url":{}}},"clientInfo":{"name":"mcp","version":"0.1.0"}},"jsonrpc":"2.
2026-08-23T07:21:25.151Z >> {"jsonrpc":"2.0","id":0,"result":{"protocolVersion":"2024-11-05","capabilities":{"tools":{}},"serverInfo":{"name":"agentfarm2-game","version":"0.1.0"}}}
2026-08-23T07:21:26.436Z === MCP server 启动 (pid 31392) ===
2026-08-23T07:21:26.443Z msg: {"method":"initialize","params":{"protocolVersion":"2025-11-25","capabilities":{"sampling":{"tools":{}},"elicitation":{"form":{},"url":{}}},"clientInfo":{"name":"mcp","version":"0.1.0"}},"jsonrpc":"2.
2026-08-23T07:21:26.444Z >> {"jsonrpc":"2.0","id":0,"result":{"protocolVersion":"2024-11-05","capabilities":{"tools":{}},"serverInfo":{"name":"agentfarm2-game","version":"0.1.0"}}}
2026-08-23T07:21:28.850Z === MCP server 启动 (pid 32184) ===
2026-08-23T07:21:28.856Z msg: {"method":"initialize","params":{"protocolVersion":"2025-11-25","capabilities":{"sampling":{"tools":{}},"elicitation":{"form":{},"url":{}}},"clientInfo":{"name":"mcp","version":"0.1.0"}},"jsonrpc":"2.
2026-08-23T07:21:28.856Z >> {"jsonrpc":"2.0","id":0,"result":{"protocolVersion":"2024-11-05","capabilities":{"tools":{}},"serverInfo":{"name":"agentfarm2-game","version":"0.1.0"}}}
2026-08-23T07:21:28.887Z msg: {"method":"notifications/initialized","jsonrpc":"2.0"}
2026-08-23T07:21:28.888Z msg: {"method":"tools/list","jsonrpc":"2.0","id":1}
2026-08-23T07:21:28.888Z >> {"jsonrpc":"2.0","id":1,"result":{"tools":[{"name":"game_observe","description":"查看当前游戏世界状态：场景/位置/天数/时间/天气/金币/背包物品/NPC好感/在线玩家。返回 JSON。","inputSchema":{"type":"o
2026-08-23T07:24:29.055Z === MCP server 启动 (pid 17312) ===
2026-08-23T07:24:29.061Z msg: {"method":"initialize","params":{"protocolVersion":"2025-11-25","capabilities":{"sampling":{"tools":{}},"elicitation":{"form":{},"url":{}}},"clientInfo":{"name":"mcp","version":"0.1.0"}},"jsonrpc":"2.
2026-08-23T07:24:29.062Z >> {"jsonrpc":"2.0","id":0,"result":{"protocolVersion":"2024-11-05","capabilities":{"tools":{}},"serverInfo":{"name":"agentfarm2-game","version":"0.1.0"}}}
2026-08-23T07:24:33.004Z === MCP server 启动 (pid 25984) ===
2026-08-23T07:24:33.011Z msg: {"method":"initialize","params":{"protocolVersion":"2025-11-25","capabilities":{"sampling":{"tools":{}},"elicitation":{"form":{},"url":{}}},"clientInfo":{"name":"mcp","version":"0.1.0"}},"jsonrpc":"2.
2026-08-23T07:24:33.011Z >> {"jsonrpc":"2.0","id":0,"result":{"protocolVersion":"2024-11-05","capabilities":{"tools":{}},"serverInfo":{"name":"agentfarm2-game","version":"0.1.0"}}}
2026-08-23T07:24:33.030Z msg: {"method":"notifications/initialized","jsonrpc":"2.0"}
2026-08-23T07:24:33.031Z msg: {"method":"tools/list","jsonrpc":"2.0","id":1}
2026-08-23T07:24:33.032Z >> {"jsonrpc":"2.0","id":1,"result":{"tools":[{"name":"game_observe","description":"查看当前游戏世界状态：场景/位置/天数/时间/天气/金币/背包物品/NPC好感/在线玩家。返回 JSON。","inputSchema":{"type":"o
2026-08-23T07:27:33.262Z === MCP server 启动 (pid 26864) ===
2026-08-23T07:27:33.268Z msg: {"method":"initialize","params":{"protocolVersion":"2025-11-25","capabilities":{"sampling":{"tools":{}},"elicitation":{"form":{},"url":{}}},"clientInfo":{"name":"mcp","version":"0.1.0"}},"jsonrpc":"2.
2026-08-23T07:27:33.269Z >> {"jsonrpc":"2.0","id":0,"result":{"protocolVersion":"2024-11-05","capabilities":{"tools":{}},"serverInfo":{"name":"agentfarm2-game","version":"0.1.0"}}}
2026-08-23T07:32:33.568Z === MCP server 启动 (pid 32276) ===
2026-08-23T07:32:33.574Z msg: {"method":"initialize","params":{"protocolVersion":"2025-11-25","capabilities":{"sampling":{"tools":{}},"elicitation":{"form":{},"url":{}}},"clientInfo":{"name":"mcp","version":"0.1.0"}},"jsonrpc":"2.
2026-08-23T07:32:33.575Z >> {"jsonrpc":"2.0","id":0,"result":{"protocolVersion":"2024-11-05","capabilities":{"tools":{}},"serverInfo":{"name":"agentfarm2-game","version":"0.1.0"}}}
2026-08-23T07:32:35.036Z === MCP server 启动 (pid 25084) ===
2026-08-23T07:32:35.043Z msg: {"method":"initialize","params":{"protocolVersion":"2025-11-25","capabilities":{"sampling":{"tools":{}},"elicitation":{"form":{},"url":{}}},"clientInfo":{"name":"mcp","version":"0.1.0"}},"jsonrpc":"2.
2026-08-23T07:32:35.044Z >> {"jsonrpc":"2.0","id":0,"result":{"protocolVersion":"2024-11-05","capabilities":{"tools":{}},"serverInfo":{"name":"agentfarm2-game","version":"0.1.0"}}}
2026-08-23T07:32:37.649Z === MCP server 启动 (pid 23924) ===
2026-08-23T07:32:37.657Z msg: {"method":"initialize","params":{"protocolVersion":"2025-11-25","capabilities":{"sampling":{"tools":{}},"elicitation":{"form":{},"url":{}}},"clientInfo":{"name":"mcp","version":"0.1.0"}},"jsonrpc":"2.
2026-08-23T07:32:37.657Z >> {"jsonrpc":"2.0","id":0,"result":{"protocolVersion":"2024-11-05","capabilities":{"tools":{}},"serverInfo":{"name":"agentfarm2-game","version":"0.1.0"}}}
2026-08-23T07:32:41.766Z === MCP server 启动 (pid 27520) ===
2026-08-23T07:32:41.773Z msg: {"method":"initialize","params":{"protocolVersion":"2025-11-25","capabilities":{"sampling":{"tools":{}},"elicitation":{"form":{},"url":{}}},"clientInfo":{"name":"mcp","version":"0.1.0"}},"jsonrpc":"2.
2026-08-23T07:32:41.774Z >> {"jsonrpc":"2.0","id":0,"result":{"protocolVersion":"2024-11-05","capabilities":{"tools":{}},"serverInfo":{"name":"agentfarm2-game","version":"0.1.0"}}}
2026-08-23T07:37:42.067Z === MCP server 启动 (pid 30376) ===
2026-08-23T07:37:42.073Z msg: {"method":"initialize","params":{"protocolVersion":"2025-11-25","capabilities":{"sampling":{"tools":{}},"elicitation":{"form":{},"url":{}}},"clientInfo":{"name":"mcp","version":"0.1.0"}},"jsonrpc":"2.
2026-08-23T07:37:42.074Z >> {"jsonrpc":"2.0","id":0,"result":{"protocolVersion":"2024-11-05","capabilities":{"tools":{}},"serverInfo":{"name":"agentfarm2-game","version":"0.1.0"}}}
2026-08-23T07:37:43.202Z === MCP server 启动 (pid 2784) ===
2026-08-23T07:37:43.208Z msg: {"method":"initialize","params":{"protocolVersion":"2025-11-25","capabilities":{"sampling":{"tools":{}},"elicitation":{"form":{},"url":{}}},"clientInfo":{"name":"mcp","version":"0.1.0"}},"jsonrpc":"2.
2026-08-23T07:37:43.209Z >> {"jsonrpc":"2.0","id":0,"result":{"protocolVersion":"2024-11-05","capabilities":{"tools":{}},"serverInfo":{"name":"agentfarm2-game","version":"0.1.0"}}}
2026-08-23T07:37:45.137Z === MCP server 启动 (pid 39112) ===
2026-08-23T07:37:45.144Z msg: {"method":"initialize","params":{"protocolVersion":"2025-11-25","capabilities":{"sampling":{"tools":{}},"elicitation":{"form":{},"url":{}}},"clientInfo":{"name":"mcp","version":"0.1.0"}},"jsonrpc":"2.
2026-08-23T07:37:45.145Z >> {"jsonrpc":"2.0","id":0,"result":{"protocolVersion":"2024-11-05","capabilities":{"tools":{}},"serverInfo":{"name":"agentfarm2-game","version":"0.1.0"}}}
2026-08-23T07:37:50.118Z === MCP server 启动 (pid 17716) ===
2026-08-23T07:37:50.124Z msg: {"method":"initialize","params":{"protocolVersion":"2025-11-25","capabilities":{"sampling":{"tools":{}},"elicitation":{"form":{},"url":{}}},"clientInfo":{"name":"mcp","version":"0.1.0"}},"jsonrpc":"2.
2026-08-23T07:37:50.125Z >> {"jsonrpc":"2.0","id":0,"result":{"protocolVersion":"2024-11-05","capabilities":{"tools":{}},"serverInfo":{"name":"agentfarm2-game","version":"0.1.0"}}}
2026-08-23T07:42:50.403Z === MCP server 启动 (pid 10032) ===
2026-08-23T07:42:50.409Z msg: {"method":"initialize","params":{"protocolVersion":"2025-11-25","capabilities":{"sampling":{"tools":{}},"elicitation":{"form":{},"url":{}}},"clientInfo":{"name":"mcp","version":"0.1.0"}},"jsonrpc":"2.
2026-08-23T07:42:50.410Z >> {"jsonrpc":"2.0","id":0,"result":{"protocolVersion":"2024-11-05","capabilities":{"tools":{}},"serverInfo":{"name":"agentfarm2-game","version":"0.1.0"}}}
2026-08-23T07:42:51.594Z === MCP server 启动 (pid 26036) ===
2026-08-23T07:42:51.601Z msg: {"method":"initialize","params":{"protocolVersion":"2025-11-25","capabilities":{"sampling":{"tools":{}},"elicitation":{"form":{},"url":{}}},"clientInfo":{"name":"mcp","version":"0.1.0"}},"jsonrpc":"2.
2026-08-23T07:42:51.602Z >> {"jsonrpc":"2.0","id":0,"result":{"protocolVersion":"2024-11-05","capabilities":{"tools":{}},"serverInfo":{"name":"agentfarm2-game","version":"0.1.0"}}}
2026-08-23T07:42:53.550Z === MCP server 启动 (pid 7300) ===
2026-08-23T07:42:53.557Z msg: {"method":"initialize","params":{"protocolVersion":"2025-11-25","capabilities":{"sampling":{"tools":{}},"elicitation":{"form":{},"url":{}}},"clientInfo":{"name":"mcp","version":"0.1.0"}},"jsonrpc":"2.
2026-08-23T07:42:53.558Z >> {"jsonrpc":"2.0","id":0,"result":{"protocolVersion":"2024-11-05","capabilities":{"tools":{}},"serverInfo":{"name":"agentfarm2-game","version":"0.1.0"}}}
2026-08-23T07:42:57.902Z === MCP server 启动 (pid 22908) ===
2026-08-23T07:42:57.908Z msg: {"method":"initialize","params":{"protocolVersion":"2025-11-25","capabilities":{"sampling":{"tools":{}},"elicitation":{"form":{},"url":{}}},"clientInfo":{"name":"mcp","version":"0.1.0"}},"jsonrpc":"2.
2026-08-23T07:42:57.909Z >> {"jsonrpc":"2.0","id":0,"result":{"protocolVersion":"2024-11-05","capabilities":{"tools":{}},"serverInfo":{"name":"agentfarm2-game","version":"0.1.0"}}}
2026-08-23T07:47:58.204Z === MCP server 启动 (pid 31392) ===
2026-08-23T07:47:58.211Z msg: {"method":"initialize","params":{"protocolVersion":"2025-11-25","capabilities":{"sampling":{"tools":{}},"elicitation":{"form":{},"url":{}}},"clientInfo":{"name":"mcp","version":"0.1.0"}},"jsonrpc":"2.
2026-08-23T07:47:58.212Z >> {"jsonrpc":"2.0","id":0,"result":{"protocolVersion":"2024-11-05","capabilities":{"tools":{}},"serverInfo":{"name":"agentfarm2-game","version":"0.1.0"}}}
2026-08-23T07:47:59.287Z === MCP server 启动 (pid 9432) ===
2026-08-23T07:47:59.293Z msg: {"method":"initialize","params":{"protocolVersion":"2025-11-25","capabilities":{"sampling":{"tools":{}},"elicitation":{"form":{},"url":{}}},"clientInfo":{"name":"mcp","version":"0.1.0"}},"jsonrpc":"2.
2026-08-23T07:47:59.294Z >> {"jsonrpc":"2.0","id":0,"result":{"protocolVersion":"2024-11-05","capabilities":{"tools":{}},"serverInfo":{"name":"agentfarm2-game","version":"0.1.0"}}}
2026-08-23T07:48:01.301Z === MCP server 启动 (pid 37172) ===
2026-08-23T07:48:01.308Z msg: {"method":"initialize","params":{"protocolVersion":"2025-11-25","capabilities":{"sampling":{"tools":{}},"elicitation":{"form":{},"url":{}}},"clientInfo":{"name":"mcp","version":"0.1.0"}},"jsonrpc":"2.
2026-08-23T07:48:01.308Z >> {"jsonrpc":"2.0","id":0,"result":{"protocolVersion":"2024-11-05","capabilities":{"tools":{}},"serverInfo":{"name":"agentfarm2-game","version":"0.1.0"}}}
2026-08-23T07:48:05.973Z === MCP server 启动 (pid 17484) ===
2026-08-23T07:48:05.979Z msg: {"method":"initialize","params":{"protocolVersion":"2025-11-25","capabilities":{"sampling":{"tools":{}},"elicitation":{"form":{},"url":{}}},"clientInfo":{"name":"mcp","version":"0.1.0"}},"jsonrpc":"2.
2026-08-23T07:48:05.980Z >> {"jsonrpc":"2.0","id":0,"result":{"protocolVersion":"2024-11-05","capabilities":{"tools":{}},"serverInfo":{"name":"agentfarm2-game","version":"0.1.0"}}}
2026-08-23T07:53:06.277Z === MCP server 启动 (pid 21596) ===
2026-08-23T07:53:06.284Z msg: {"method":"initialize","params":{"protocolVersion":"2025-11-25","capabilities":{"sampling":{"tools":{}},"elicitation":{"form":{},"url":{}}},"clientInfo":{"name":"mcp","version":"0.1.0"}},"jsonrpc":"2.
2026-08-23T07:53:06.284Z >> {"jsonrpc":"2.0","id":0,"result":{"protocolVersion":"2024-11-05","capabilities":{"tools":{}},"serverInfo":{"name":"agentfarm2-game","version":"0.1.0"}}}
2026-08-23T07:53:07.514Z === MCP server 启动 (pid 8988) ===
2026-08-23T07:53:07.521Z msg: {"method":"initialize","params":{"protocolVersion":"2025-11-25","capabilities":{"sampling":{"tools":{}},"elicitation":{"form":{},"url":{}}},"clientInfo":{"name":"mcp","version":"0.1.0"}},"jsonrpc":"2.
2026-08-23T07:53:07.522Z >> {"jsonrpc":"2.0","id":0,"result":{"protocolVersion":"2024-11-05","capabilities":{"tools":{}},"serverInfo":{"name":"agentfarm2-game","version":"0.1.0"}}}
2026-08-23T07:53:09.935Z === MCP server 启动 (pid 39088) ===
2026-08-23T07:53:09.941Z msg: {"method":"initialize","params":{"protocolVersion":"2025-11-25","capabilities":{"sampling":{"tools":{}},"elicitation":{"form":{},"url":{}}},"clientInfo":{"name":"mcp","version":"0.1.0"}},"jsonrpc":"2.
2026-08-23T07:53:09.942Z >> {"jsonrpc":"2.0","id":0,"result":{"protocolVersion":"2024-11-05","capabilities":{"tools":{}},"serverInfo":{"name":"agentfarm2-game","version":"0.1.0"}}}
2026-08-23T07:53:13.947Z === MCP server 启动 (pid 36868) ===
2026-08-23T07:53:13.953Z msg: {"method":"initialize","params":{"protocolVersion":"2025-11-25","capabilities":{"sampling":{"tools":{}},"elicitation":{"form":{},"url":{}}},"clientInfo":{"name":"mcp","version":"0.1.0"}},"jsonrpc":"2.
2026-08-23T07:53:13.954Z >> {"jsonrpc":"2.0","id":0,"result":{"protocolVersion":"2024-11-05","capabilities":{"tools":{}},"serverInfo":{"name":"agentfarm2-game","version":"0.1.0"}}}
2026-08-23T07:58:14.232Z === MCP server 启动 (pid 18704) ===
2026-08-23T07:58:14.239Z msg: {"method":"initialize","params":{"protocolVersion":"2025-11-25","capabilities":{"sampling":{"tools":{}},"elicitation":{"form":{},"url":{}}},"clientInfo":{"name":"mcp","version":"0.1.0"}},"jsonrpc":"2.
2026-08-23T07:58:14.239Z >> {"jsonrpc":"2.0","id":0,"result":{"protocolVersion":"2024-11-05","capabilities":{"tools":{}},"serverInfo":{"name":"agentfarm2-game","version":"0.1.0"}}}
2026-08-23T07:58:15.316Z === MCP server 启动 (pid 9024) ===
2026-08-23T07:58:15.322Z msg: {"method":"initialize","params":{"protocolVersion":"2025-11-25","capabilities":{"sampling":{"tools":{}},"elicitation":{"form":{},"url":{}}},"clientInfo":{"name":"mcp","version":"0.1.0"}},"jsonrpc":"2.
2026-08-23T07:58:15.323Z >> {"jsonrpc":"2.0","id":0,"result":{"protocolVersion":"2024-11-05","capabilities":{"tools":{}},"serverInfo":{"name":"agentfarm2-game","version":"0.1.0"}}}
2026-08-23T07:58:17.945Z === MCP server 启动 (pid 21068) ===
2026-08-23T07:58:17.952Z msg: {"method":"initialize","params":{"protocolVersion":"2025-11-25","capabilities":{"sampling":{"tools":{}},"elicitation":{"form":{},"url":{}}},"clientInfo":{"name":"mcp","version":"0.1.0"}},"jsonrpc":"2.
2026-08-23T07:58:17.952Z >> {"jsonrpc":"2.0","id":0,"result":{"protocolVersion":"2024-11-05","capabilities":{"tools":{}},"serverInfo":{"name":"agentfarm2-game","version":"0.1.0"}}}
2026-08-23T07:58:21.867Z === MCP server 启动 (pid 4468) ===
2026-08-23T07:58:21.874Z msg: {"method":"initialize","params":{"protocolVersion":"2025-11-25","capabilities":{"sampling":{"tools":{}},"elicitation":{"form":{},"url":{}}},"clientInfo":{"name":"mcp","version":"0.1.0"}},"jsonrpc":"2.
2026-08-23T07:58:21.875Z >> {"jsonrpc":"2.0","id":0,"result":{"protocolVersion":"2024-11-05","capabilities":{"tools":{}},"serverInfo":{"name":"agentfarm2-game","version":"0.1.0"}}}
2026-08-23T08:03:22.156Z === MCP server 启动 (pid 9136) ===
2026-08-23T08:03:22.162Z msg: {"method":"initialize","params":{"protocolVersion":"2025-11-25","capabilities":{"sampling":{"tools":{}},"elicitation":{"form":{},"url":{}}},"clientInfo":{"name":"mcp","version":"0.1.0"}},"jsonrpc":"2.
2026-08-23T08:03:22.163Z >> {"jsonrpc":"2.0","id":0,"result":{"protocolVersion":"2024-11-05","capabilities":{"tools":{}},"serverInfo":{"name":"agentfarm2-game","version":"0.1.0"}}}
2026-08-23T08:03:23.410Z === MCP server 启动 (pid 23276) ===
2026-08-23T08:03:23.416Z msg: {"method":"initialize","params":{"protocolVersion":"2025-11-25","capabilities":{"sampling":{"tools":{}},"elicitation":{"form":{},"url":{}}},"clientInfo":{"name":"mcp","version":"0.1.0"}},"jsonrpc":"2.
2026-08-23T08:03:23.417Z >> {"jsonrpc":"2.0","id":0,"result":{"protocolVersion":"2024-11-05","capabilities":{"tools":{}},"serverInfo":{"name":"agentfarm2-game","version":"0.1.0"}}}
2026-08-23T08:03:25.696Z === MCP server 启动 (pid 14760) ===
2026-08-23T08:03:25.702Z msg: {"method":"initialize","params":{"protocolVersion":"2025-11-25","capabilities":{"sampling":{"tools":{}},"elicitation":{"form":{},"url":{}}},"clientInfo":{"name":"mcp","version":"0.1.0"}},"jsonrpc":"2.
2026-08-23T08:03:25.703Z >> {"jsonrpc":"2.0","id":0,"result":{"protocolVersion":"2024-11-05","capabilities":{"tools":{}},"serverInfo":{"name":"agentfarm2-game","version":"0.1.0"}}}
2026-08-23T08:03:30.152Z === MCP server 启动 (pid 31812) ===
2026-08-23T08:03:30.158Z msg: {"method":"initialize","params":{"protocolVersion":"2025-11-25","capabilities":{"sampling":{"tools":{}},"elicitation":{"form":{},"url":{}}},"clientInfo":{"name":"mcp","version":"0.1.0"}},"jsonrpc":"2.
2026-08-23T08:03:30.159Z >> {"jsonrpc":"2.0","id":0,"result":{"protocolVersion":"2024-11-05","capabilities":{"tools":{}},"serverInfo":{"name":"agentfarm2-game","version":"0.1.0"}}}
2026-08-23T08:08:30.423Z === MCP server 启动 (pid 32560) ===
2026-08-23T08:08:30.430Z msg: {"method":"initialize","params":{"protocolVersion":"2025-11-25","capabilities":{"sampling":{"tools":{}},"elicitation":{"form":{},"url":{}}},"clientInfo":{"name":"mcp","version":"0.1.0"}},"jsonrpc":"2.
2026-08-23T08:08:30.431Z >> {"jsonrpc":"2.0","id":0,"result":{"protocolVersion":"2024-11-05","capabilities":{"tools":{}},"serverInfo":{"name":"agentfarm2-game","version":"0.1.0"}}}
2026-08-23T08:08:31.707Z === MCP server 启动 (pid 29136) ===
2026-08-23T08:08:31.714Z msg: {"method":"initialize","params":{"protocolVersion":"2025-11-25","capabilities":{"sampling":{"tools":{}},"elicitation":{"form":{},"url":{}}},"clientInfo":{"name":"mcp","version":"0.1.0"}},"jsonrpc":"2.
2026-08-23T08:08:31.715Z >> {"jsonrpc":"2.0","id":0,"result":{"protocolVersion":"2024-11-05","capabilities":{"tools":{}},"serverInfo":{"name":"agentfarm2-game","version":"0.1.0"}}}
2026-08-23T08:08:34.381Z === MCP server 启动 (pid 6156) ===
2026-08-23T08:08:34.388Z msg: {"method":"initialize","params":{"protocolVersion":"2025-11-25","capabilities":{"sampling":{"tools":{}},"elicitation":{"form":{},"url":{}}},"clientInfo":{"name":"mcp","version":"0.1.0"}},"jsonrpc":"2.
2026-08-23T08:08:34.388Z >> {"jsonrpc":"2.0","id":0,"result":{"protocolVersion":"2024-11-05","capabilities":{"tools":{}},"serverInfo":{"name":"agentfarm2-game","version":"0.1.0"}}}
2026-08-23T08:08:37.904Z === MCP server 启动 (pid 30988) ===
2026-08-23T08:08:37.911Z msg: {"method":"initialize","params":{"protocolVersion":"2025-11-25","capabilities":{"sampling":{"tools":{}},"elicitation":{"form":{},"url":{}}},"clientInfo":{"name":"mcp","version":"0.1.0"}},"jsonrpc":"2.
2026-08-23T08:08:37.911Z >> {"jsonrpc":"2.0","id":0,"result":{"protocolVersion":"2024-11-05","capabilities":{"tools":{}},"serverInfo":{"name":"agentfarm2-game","version":"0.1.0"}}}
2026-08-23T08:13:38.214Z === MCP server 启动 (pid 2376) ===
2026-08-23T08:13:38.221Z msg: {"method":"initialize","params":{"protocolVersion":"2025-11-25","capabilities":{"sampling":{"tools":{}},"elicitation":{"form":{},"url":{}}},"clientInfo":{"name":"mcp","version":"0.1.0"}},"jsonrpc":"2.
2026-08-23T08:13:38.222Z >> {"jsonrpc":"2.0","id":0,"result":{"protocolVersion":"2024-11-05","capabilities":{"tools":{}},"serverInfo":{"name":"agentfarm2-game","version":"0.1.0"}}}
2026-08-23T08:13:39.571Z === MCP server 启动 (pid 18668) ===
2026-08-23T08:13:39.578Z msg: {"method":"initialize","params":{"protocolVersion":"2025-11-25","capabilities":{"sampling":{"tools":{}},"elicitation":{"form":{},"url":{}}},"clientInfo":{"name":"mcp","version":"0.1.0"}},"jsonrpc":"2.
2026-08-23T08:13:39.578Z >> {"jsonrpc":"2.0","id":0,"result":{"protocolVersion":"2024-11-05","capabilities":{"tools":{}},"serverInfo":{"name":"agentfarm2-game","version":"0.1.0"}}}
2026-08-23T08:13:41.581Z === MCP server 启动 (pid 25552) ===
2026-08-23T08:13:41.588Z msg: {"method":"initialize","params":{"protocolVersion":"2025-11-25","capabilities":{"sampling":{"tools":{}},"elicitation":{"form":{},"url":{}}},"clientInfo":{"name":"mcp","version":"0.1.0"}},"jsonrpc":"2.
2026-08-23T08:13:41.588Z >> {"jsonrpc":"2.0","id":0,"result":{"protocolVersion":"2024-11-05","capabilities":{"tools":{}},"serverInfo":{"name":"agentfarm2-game","version":"0.1.0"}}}
2026-08-23T08:13:45.643Z === MCP server 启动 (pid 33672) ===
2026-08-23T08:13:45.649Z msg: {"method":"initialize","params":{"protocolVersion":"2025-11-25","capabilities":{"sampling":{"tools":{}},"elicitation":{"form":{},"url":{}}},"clientInfo":{"name":"mcp","version":"0.1.0"}},"jsonrpc":"2.
2026-08-23T08:13:45.650Z >> {"jsonrpc":"2.0","id":0,"result":{"protocolVersion":"2024-11-05","capabilities":{"tools":{}},"serverInfo":{"name":"agentfarm2-game","version":"0.1.0"}}}
2026-08-23T08:18:45.928Z === MCP server 启动 (pid 26416) ===
2026-08-23T08:18:45.936Z msg: {"method":"initialize","params":{"protocolVersion":"2025-11-25","capabilities":{"sampling":{"tools":{}},"elicitation":{"form":{},"url":{}}},"clientInfo":{"name":"mcp","version":"0.1.0"}},"jsonrpc":"2.
2026-08-23T08:18:45.936Z >> {"jsonrpc":"2.0","id":0,"result":{"protocolVersion":"2024-11-05","capabilities":{"tools":{}},"serverInfo":{"name":"agentfarm2-game","version":"0.1.0"}}}
2026-08-23T08:18:47.019Z === MCP server 启动 (pid 35688) ===
2026-08-23T08:18:47.026Z msg: {"method":"initialize","params":{"protocolVersion":"2025-11-25","capabilities":{"sampling":{"tools":{}},"elicitation":{"form":{},"url":{}}},"clientInfo":{"name":"mcp","version":"0.1.0"}},"jsonrpc":"2.
2026-08-23T08:18:47.027Z >> {"jsonrpc":"2.0","id":0,"result":{"protocolVersion":"2024-11-05","capabilities":{"tools":{}},"serverInfo":{"name":"agentfarm2-game","version":"0.1.0"}}}
2026-08-23T08:18:49.689Z === MCP server 启动 (pid 30448) ===
2026-08-23T08:18:49.695Z msg: {"method":"initialize","params":{"protocolVersion":"2025-11-25","capabilities":{"sampling":{"tools":{}},"elicitation":{"form":{},"url":{}}},"clientInfo":{"name":"mcp","version":"0.1.0"}},"jsonrpc":"2.
2026-08-23T08:18:49.696Z >> {"jsonrpc":"2.0","id":0,"result":{"protocolVersion":"2024-11-05","capabilities":{"tools":{}},"serverInfo":{"name":"agentfarm2-game","version":"0.1.0"}}}
2026-08-23T08:18:53.173Z === MCP server 启动 (pid 36416) ===
2026-08-23T08:18:53.179Z msg: {"method":"initialize","params":{"protocolVersion":"2025-11-25","capabilities":{"sampling":{"tools":{}},"elicitation":{"form":{},"url":{}}},"clientInfo":{"name":"mcp","version":"0.1.0"}},"jsonrpc":"2.
2026-08-23T08:18:53.180Z >> {"jsonrpc":"2.0","id":0,"result":{"protocolVersion":"2024-11-05","capabilities":{"tools":{}},"serverInfo":{"name":"agentfarm2-game","version":"0.1.0"}}}
2026-08-23T08:23:53.795Z === MCP server 启动 (pid 19148) ===
2026-08-23T08:23:53.802Z msg: {"method":"initialize","params":{"protocolVersion":"2025-11-25","capabilities":{"sampling":{"tools":{}},"elicitation":{"form":{},"url":{}}},"clientInfo":{"name":"mcp","version":"0.1.0"}},"jsonrpc":"2.
2026-08-23T08:23:53.803Z >> {"jsonrpc":"2.0","id":0,"result":{"protocolVersion":"2024-11-05","capabilities":{"tools":{}},"serverInfo":{"name":"agentfarm2-game","version":"0.1.0"}}}
2026-08-23T08:23:55.039Z === MCP server 启动 (pid 31644) ===
2026-08-23T08:23:55.045Z msg: {"method":"initialize","params":{"protocolVersion":"2025-11-25","capabilities":{"sampling":{"tools":{}},"elicitation":{"form":{},"url":{}}},"clientInfo":{"name":"mcp","version":"0.1.0"}},"jsonrpc":"2.
2026-08-23T08:23:55.046Z >> {"jsonrpc":"2.0","id":0,"result":{"protocolVersion":"2024-11-05","capabilities":{"tools":{}},"serverInfo":{"name":"agentfarm2-game","version":"0.1.0"}}}
2026-08-23T08:23:57.102Z === MCP server 启动 (pid 30320) ===
2026-08-23T08:23:57.109Z msg: {"method":"initialize","params":{"protocolVersion":"2025-11-25","capabilities":{"sampling":{"tools":{}},"elicitation":{"form":{},"url":{}}},"clientInfo":{"name":"mcp","version":"0.1.0"}},"jsonrpc":"2.
2026-08-23T08:23:57.110Z >> {"jsonrpc":"2.0","id":0,"result":{"protocolVersion":"2024-11-05","capabilities":{"tools":{}},"serverInfo":{"name":"agentfarm2-game","version":"0.1.0"}}}
2026-08-23T08:24:01.880Z === MCP server 启动 (pid 18532) ===
2026-08-23T08:24:01.886Z msg: {"method":"initialize","params":{"protocolVersion":"2025-11-25","capabilities":{"sampling":{"tools":{}},"elicitation":{"form":{},"url":{}}},"clientInfo":{"name":"mcp","version":"0.1.0"}},"jsonrpc":"2.
2026-08-23T08:24:01.887Z >> {"jsonrpc":"2.0","id":0,"result":{"protocolVersion":"2024-11-05","capabilities":{"tools":{}},"serverInfo":{"name":"agentfarm2-game","version":"0.1.0"}}}
2026-08-23T08:29:02.140Z === MCP server 启动 (pid 19908) ===
2026-08-23T08:29:02.147Z msg: {"method":"initialize","params":{"protocolVersion":"2025-11-25","capabilities":{"sampling":{"tools":{}},"elicitation":{"form":{},"url":{}}},"clientInfo":{"name":"mcp","version":"0.1.0"}},"jsonrpc":"2.
2026-08-23T08:29:02.148Z >> {"jsonrpc":"2.0","id":0,"result":{"protocolVersion":"2024-11-05","capabilities":{"tools":{}},"serverInfo":{"name":"agentfarm2-game","version":"0.1.0"}}}
2026-08-23T08:29:03.391Z === MCP server 启动 (pid 19568) ===
2026-08-23T08:29:03.398Z msg: {"method":"initialize","params":{"protocolVersion":"2025-11-25","capabilities":{"sampling":{"tools":{}},"elicitation":{"form":{},"url":{}}},"clientInfo":{"name":"mcp","version":"0.1.0"}},"jsonrpc":"2.
2026-08-23T08:29:03.398Z >> {"jsonrpc":"2.0","id":0,"result":{"protocolVersion":"2024-11-05","capabilities":{"tools":{}},"serverInfo":{"name":"agentfarm2-game","version":"0.1.0"}}}
2026-08-23T08:29:05.444Z === MCP server 启动 (pid 19328) ===
2026-08-23T08:29:05.451Z msg: {"method":"initialize","params":{"protocolVersion":"2025-11-25","capabilities":{"sampling":{"tools":{}},"elicitation":{"form":{},"url":{}}},"clientInfo":{"name":"mcp","version":"0.1.0"}},"jsonrpc":"2.
2026-08-23T08:29:05.451Z >> {"jsonrpc":"2.0","id":0,"result":{"protocolVersion":"2024-11-05","capabilities":{"tools":{}},"serverInfo":{"name":"agentfarm2-game","version":"0.1.0"}}}
2026-08-23T08:29:08.914Z === MCP server 启动 (pid 18084) ===
2026-08-23T08:29:08.921Z msg: {"method":"initialize","params":{"protocolVersion":"2025-11-25","capabilities":{"sampling":{"tools":{}},"elicitation":{"form":{},"url":{}}},"clientInfo":{"name":"mcp","version":"0.1.0"}},"jsonrpc":"2.
2026-08-23T08:29:08.922Z >> {"jsonrpc":"2.0","id":0,"result":{"protocolVersion":"2024-11-05","capabilities":{"tools":{}},"serverInfo":{"name":"agentfarm2-game","version":"0.1.0"}}}
2026-08-23T08:34:09.213Z === MCP server 启动 (pid 2936) ===
2026-08-23T08:34:09.219Z msg: {"method":"initialize","params":{"protocolVersion":"2025-11-25","capabilities":{"sampling":{"tools":{}},"elicitation":{"form":{},"url":{}}},"clientInfo":{"name":"mcp","version":"0.1.0"}},"jsonrpc":"2.
2026-08-23T08:34:09.220Z >> {"jsonrpc":"2.0","id":0,"result":{"protocolVersion":"2024-11-05","capabilities":{"tools":{}},"serverInfo":{"name":"agentfarm2-game","version":"0.1.0"}}}
2026-08-23T08:34:10.617Z === MCP server 启动 (pid 20676) ===
2026-08-23T08:34:10.624Z msg: {"method":"initialize","params":{"protocolVersion":"2025-11-25","capabilities":{"sampling":{"tools":{}},"elicitation":{"form":{},"url":{}}},"clientInfo":{"name":"mcp","version":"0.1.0"}},"jsonrpc":"2.
2026-08-23T08:34:10.625Z >> {"jsonrpc":"2.0","id":0,"result":{"protocolVersion":"2024-11-05","capabilities":{"tools":{}},"serverInfo":{"name":"agentfarm2-game","version":"0.1.0"}}}
2026-08-23T08:34:12.976Z === MCP server 启动 (pid 12900) ===
2026-08-23T08:34:12.982Z msg: {"method":"initialize","params":{"protocolVersion":"2025-11-25","capabilities":{"sampling":{"tools":{}},"elicitation":{"form":{},"url":{}}},"clientInfo":{"name":"mcp","version":"0.1.0"}},"jsonrpc":"2.
2026-08-23T08:34:12.983Z >> {"jsonrpc":"2.0","id":0,"result":{"protocolVersion":"2024-11-05","capabilities":{"tools":{}},"serverInfo":{"name":"agentfarm2-game","version":"0.1.0"}}}
2026-08-23T08:34:17.218Z === MCP server 启动 (pid 20436) ===
2026-08-23T08:34:17.225Z msg: {"method":"initialize","params":{"protocolVersion":"2025-11-25","capabilities":{"sampling":{"tools":{}},"elicitation":{"form":{},"url":{}}},"clientInfo":{"name":"mcp","version":"0.1.0"}},"jsonrpc":"2.
2026-08-23T08:34:17.225Z >> {"jsonrpc":"2.0","id":0,"result":{"protocolVersion":"2024-11-05","capabilities":{"tools":{}},"serverInfo":{"name":"agentfarm2-game","version":"0.1.0"}}}
2026-08-23T08:39:17.471Z === MCP server 启动 (pid 10856) ===
2026-08-23T08:39:17.477Z msg: {"method":"initialize","params":{"protocolVersion":"2025-11-25","capabilities":{"sampling":{"tools":{}},"elicitation":{"form":{},"url":{}}},"clientInfo":{"name":"mcp","version":"0.1.0"}},"jsonrpc":"2.
2026-08-23T08:39:17.478Z >> {"jsonrpc":"2.0","id":0,"result":{"protocolVersion":"2024-11-05","capabilities":{"tools":{}},"serverInfo":{"name":"agentfarm2-game","version":"0.1.0"}}}
2026-08-23T08:39:18.908Z === MCP server 启动 (pid 23784) ===
2026-08-23T08:39:18.915Z msg: {"method":"initialize","params":{"protocolVersion":"2025-11-25","capabilities":{"sampling":{"tools":{}},"elicitation":{"form":{},"url":{}}},"clientInfo":{"name":"mcp","version":"0.1.0"}},"jsonrpc":"2.
2026-08-23T08:39:18.916Z >> {"jsonrpc":"2.0","id":0,"result":{"protocolVersion":"2024-11-05","capabilities":{"tools":{}},"serverInfo":{"name":"agentfarm2-game","version":"0.1.0"}}}
2026-08-23T08:39:21.572Z === MCP server 启动 (pid 39040) ===
2026-08-23T08:39:21.578Z msg: {"method":"initialize","params":{"protocolVersion":"2025-11-25","capabilities":{"sampling":{"tools":{}},"elicitation":{"form":{},"url":{}}},"clientInfo":{"name":"mcp","version":"0.1.0"}},"jsonrpc":"2.
2026-08-23T08:39:21.579Z >> {"jsonrpc":"2.0","id":0,"result":{"protocolVersion":"2024-11-05","capabilities":{"tools":{}},"serverInfo":{"name":"agentfarm2-game","version":"0.1.0"}}}
2026-08-23T08:39:25.745Z === MCP server 启动 (pid 25444) ===
2026-08-23T08:39:25.753Z msg: {"method":"initialize","params":{"protocolVersion":"2025-11-25","capabilities":{"sampling":{"tools":{}},"elicitation":{"form":{},"url":{}}},"clientInfo":{"name":"mcp","version":"0.1.0"}},"jsonrpc":"2.
2026-08-23T08:39:25.754Z >> {"jsonrpc":"2.0","id":0,"result":{"protocolVersion":"2024-11-05","capabilities":{"tools":{}},"serverInfo":{"name":"agentfarm2-game","version":"0.1.0"}}}
2026-08-23T08:44:26.044Z === MCP server 启动 (pid 39692) ===
2026-08-23T08:44:26.051Z msg: {"method":"initialize","params":{"protocolVersion":"2025-11-25","capabilities":{"sampling":{"tools":{}},"elicitation":{"form":{},"url":{}}},"clientInfo":{"name":"mcp","version":"0.1.0"}},"jsonrpc":"2.
2026-08-23T08:44:26.052Z >> {"jsonrpc":"2.0","id":0,"result":{"protocolVersion":"2024-11-05","capabilities":{"tools":{}},"serverInfo":{"name":"agentfarm2-game","version":"0.1.0"}}}
2026-08-23T08:44:27.317Z === MCP server 启动 (pid 39284) ===
2026-08-23T08:44:27.324Z msg: {"method":"initialize","params":{"protocolVersion":"2025-11-25","capabilities":{"sampling":{"tools":{}},"elicitation":{"form":{},"url":{}}},"clientInfo":{"name":"mcp","version":"0.1.0"}},"jsonrpc":"2.
2026-08-23T08:44:27.325Z >> {"jsonrpc":"2.0","id":0,"result":{"protocolVersion":"2024-11-05","capabilities":{"tools":{}},"serverInfo":{"name":"agentfarm2-game","version":"0.1.0"}}}
2026-08-23T08:44:29.396Z === MCP server 启动 (pid 15764) ===
2026-08-23T08:44:29.402Z msg: {"method":"initialize","params":{"protocolVersion":"2025-11-25","capabilities":{"sampling":{"tools":{}},"elicitation":{"form":{},"url":{}}},"clientInfo":{"name":"mcp","version":"0.1.0"}},"jsonrpc":"2.
2026-08-23T08:44:29.403Z >> {"jsonrpc":"2.0","id":0,"result":{"protocolVersion":"2024-11-05","capabilities":{"tools":{}},"serverInfo":{"name":"agentfarm2-game","version":"0.1.0"}}}
2026-08-23T08:44:33.248Z === MCP server 启动 (pid 6892) ===
2026-08-23T08:44:33.254Z msg: {"method":"initialize","params":{"protocolVersion":"2025-11-25","capabilities":{"sampling":{"tools":{}},"elicitation":{"form":{},"url":{}}},"clientInfo":{"name":"mcp","version":"0.1.0"}},"jsonrpc":"2.
2026-08-23T08:44:33.255Z >> {"jsonrpc":"2.0","id":0,"result":{"protocolVersion":"2024-11-05","capabilities":{"tools":{}},"serverInfo":{"name":"agentfarm2-game","version":"0.1.0"}}}
2026-08-23T08:44:33.273Z msg: {"method":"notifications/initialized","jsonrpc":"2.0"}
2026-08-23T08:44:33.274Z msg: {"method":"tools/list","jsonrpc":"2.0","id":1}
2026-08-23T08:44:33.274Z >> {"jsonrpc":"2.0","id":1,"result":{"tools":[{"name":"game_observe","description":"查看当前游戏世界状态：场景/位置/天数/时间/天气/金币/背包物品/NPC好感/在线玩家。返回 JSON。","inputSchema":{"type":"o
2026-08-23T08:47:33.467Z === MCP server 启动 (pid 14496) ===
2026-08-23T08:47:33.473Z msg: {"method":"initialize","params":{"protocolVersion":"2025-11-25","capabilities":{"sampling":{"tools":{}},"elicitation":{"form":{},"url":{}}},"clientInfo":{"name":"mcp","version":"0.1.0"}},"jsonrpc":"2.
2026-08-23T08:47:33.474Z >> {"jsonrpc":"2.0","id":0,"result":{"protocolVersion":"2024-11-05","capabilities":{"tools":{}},"serverInfo":{"name":"agentfarm2-game","version":"0.1.0"}}}
2026-08-23T10:10:36.288Z === MCP server 启动 (pid 20592) ===
2026-08-23T10:10:36.303Z msg: {"method":"initialize","params":{"protocolVersion":"2025-11-25","capabilities":{"sampling":{"tools":{}},"elicitation":{"form":{},"url":{}}},"clientInfo":{"name":"mcp","version":"0.1.0"}},"jsonrpc":"2.
2026-08-23T10:10:36.304Z >> {"jsonrpc":"2.0","id":0,"result":{"protocolVersion":"2024-11-05","capabilities":{"tools":{}},"serverInfo":{"name":"agentfarm2-game","version":"0.1.0"}}}
2026-08-23T10:10:37.483Z === MCP server 启动 (pid 16768) ===
2026-08-23T10:10:37.491Z msg: {"method":"initialize","params":{"protocolVersion":"2025-11-25","capabilities":{"sampling":{"tools":{}},"elicitation":{"form":{},"url":{}}},"clientInfo":{"name":"mcp","version":"0.1.0"}},"jsonrpc":"2.
2026-08-23T10:10:37.492Z >> {"jsonrpc":"2.0","id":0,"result":{"protocolVersion":"2024-11-05","capabilities":{"tools":{}},"serverInfo":{"name":"agentfarm2-game","version":"0.1.0"}}}
2026-08-23T10:10:40.088Z === MCP server 启动 (pid 2396) ===
2026-08-23T10:10:40.096Z msg: {"method":"initialize","params":{"protocolVersion":"2025-11-25","capabilities":{"sampling":{"tools":{}},"elicitation":{"form":{},"url":{}}},"clientInfo":{"name":"mcp","version":"0.1.0"}},"jsonrpc":"2.
2026-08-23T10:10:40.097Z >> {"jsonrpc":"2.0","id":0,"result":{"protocolVersion":"2024-11-05","capabilities":{"tools":{}},"serverInfo":{"name":"agentfarm2-game","version":"0.1.0"}}}
2026-08-23T10:10:40.099Z msg: {"method":"notifications/initialized","jsonrpc":"2.0"}
2026-08-23T10:10:40.100Z msg: {"method":"tools/list","jsonrpc":"2.0","id":1}
2026-08-23T10:10:40.100Z >> {"jsonrpc":"2.0","id":1,"result":{"tools":[{"name":"game_observe","description":"查看当前游戏世界状态：场景/位置/天数/时间/天气/金币/背包物品/NPC好感/在线玩家。返回 JSON。","inputSchema":{"type":"o
2026-08-23T10:13:40.233Z === MCP server 启动 (pid 24776) ===
2026-08-23T10:13:40.240Z msg: {"method":"initialize","params":{"protocolVersion":"2025-11-25","capabilities":{"sampling":{"tools":{}},"elicitation":{"form":{},"url":{}}},"clientInfo":{"name":"mcp","version":"0.1.0"}},"jsonrpc":"2.
2026-08-23T10:13:40.240Z >> {"jsonrpc":"2.0","id":0,"result":{"protocolVersion":"2024-11-05","capabilities":{"tools":{}},"serverInfo":{"name":"agentfarm2-game","version":"0.1.0"}}}
2026-08-23T10:13:43.735Z === MCP server 启动 (pid 11304) ===
2026-08-23T10:13:43.742Z msg: {"method":"initialize","params":{"protocolVersion":"2025-11-25","capabilities":{"sampling":{"tools":{}},"elicitation":{"form":{},"url":{}}},"clientInfo":{"name":"mcp","version":"0.1.0"}},"jsonrpc":"2.
2026-08-23T10:13:43.743Z >> {"jsonrpc":"2.0","id":0,"result":{"protocolVersion":"2024-11-05","capabilities":{"tools":{}},"serverInfo":{"name":"agentfarm2-game","version":"0.1.0"}}}
2026-08-23T10:18:44.002Z === MCP server 启动 (pid 25548) ===
2026-08-23T10:18:44.009Z msg: {"method":"initialize","params":{"protocolVersion":"2025-11-25","capabilities":{"sampling":{"tools":{}},"elicitation":{"form":{},"url":{}}},"clientInfo":{"name":"mcp","version":"0.1.0"}},"jsonrpc":"2.
2026-08-23T10:18:44.010Z >> {"jsonrpc":"2.0","id":0,"result":{"protocolVersion":"2024-11-05","capabilities":{"tools":{}},"serverInfo":{"name":"agentfarm2-game","version":"0.1.0"}}}
2026-08-23T10:18:45.282Z === MCP server 启动 (pid 22220) ===
2026-08-23T10:18:45.289Z msg: {"method":"initialize","params":{"protocolVersion":"2025-11-25","capabilities":{"sampling":{"tools":{}},"elicitation":{"form":{},"url":{}}},"clientInfo":{"name":"mcp","version":"0.1.0"}},"jsonrpc":"2.
2026-08-23T10:18:45.289Z >> {"jsonrpc":"2.0","id":0,"result":{"protocolVersion":"2024-11-05","capabilities":{"tools":{}},"serverInfo":{"name":"agentfarm2-game","version":"0.1.0"}}}
2026-08-23T10:18:47.730Z === MCP server 启动 (pid 6600) ===
2026-08-23T10:18:47.737Z msg: {"method":"initialize","params":{"protocolVersion":"2025-11-25","capabilities":{"sampling":{"tools":{}},"elicitation":{"form":{},"url":{}}},"clientInfo":{"name":"mcp","version":"0.1.0"}},"jsonrpc":"2.
2026-08-23T10:18:47.737Z >> {"jsonrpc":"2.0","id":0,"result":{"protocolVersion":"2024-11-05","capabilities":{"tools":{}},"serverInfo":{"name":"agentfarm2-game","version":"0.1.0"}}}
2026-08-23T10:18:52.385Z === MCP server 启动 (pid 16064) ===
2026-08-23T10:18:52.392Z msg: {"method":"initialize","params":{"protocolVersion":"2025-11-25","capabilities":{"sampling":{"tools":{}},"elicitation":{"form":{},"url":{}}},"clientInfo":{"name":"mcp","version":"0.1.0"}},"jsonrpc":"2.
2026-08-23T10:18:52.392Z >> {"jsonrpc":"2.0","id":0,"result":{"protocolVersion":"2024-11-05","capabilities":{"tools":{}},"serverInfo":{"name":"agentfarm2-game","version":"0.1.0"}}}
2026-08-25T13:05:07.326Z === MCP server 启动 (pid 20160) ===
2026-08-25T13:05:07.334Z msg: {"method":"initialize","params":{"protocolVersion":"2025-11-25","capabilities":{"sampling":{"tools":{}},"elicitation":{"form":{},"url":{}}},"clientInfo":{"name":"mcp","version":"0.1.0"}},"jsonrpc":"2.
2026-08-25T13:05:07.335Z >> {"jsonrpc":"2.0","id":0,"result":{"protocolVersion":"2024-11-05","capabilities":{"tools":{}},"serverInfo":{"name":"agentfarm2-game","version":"0.1.0"}}}
2026-08-25T13:05:08.816Z === MCP server 启动 (pid 10336) ===
2026-08-25T13:05:08.822Z msg: {"method":"initialize","params":{"protocolVersion":"2025-11-25","capabilities":{"sampling":{"tools":{}},"elicitation":{"form":{},"url":{}}},"clientInfo":{"name":"mcp","version":"0.1.0"}},"jsonrpc":"2.
2026-08-25T13:05:08.823Z >> {"jsonrpc":"2.0","id":0,"result":{"protocolVersion":"2024-11-05","capabilities":{"tools":{}},"serverInfo":{"name":"agentfarm2-game","version":"0.1.0"}}}
2026-08-25T13:05:11.094Z === MCP server 启动 (pid 4988) ===
2026-08-25T13:05:11.101Z msg: {"method":"initialize","params":{"protocolVersion":"2025-11-25","capabilities":{"sampling":{"tools":{}},"elicitation":{"form":{},"url":{}}},"clientInfo":{"name":"mcp","version":"0.1.0"}},"jsonrpc":"2.
2026-08-25T13:05:11.102Z >> {"jsonrpc":"2.0","id":0,"result":{"protocolVersion":"2024-11-05","capabilities":{"tools":{}},"serverInfo":{"name":"agentfarm2-game","version":"0.1.0"}}}
2026-08-25T13:05:15.394Z === MCP server 启动 (pid 22092) ===
2026-08-25T13:05:15.401Z msg: {"method":"initialize","params":{"protocolVersion":"2025-11-25","capabilities":{"sampling":{"tools":{}},"elicitation":{"form":{},"url":{}}},"clientInfo":{"name":"mcp","version":"0.1.0"}},"jsonrpc":"2.
2026-08-25T13:05:15.402Z >> {"jsonrpc":"2.0","id":0,"result":{"protocolVersion":"2024-11-05","capabilities":{"tools":{}},"serverInfo":{"name":"agentfarm2-game","version":"0.1.0"}}}
2026-08-25T13:10:15.696Z === MCP server 启动 (pid 39576) ===
2026-08-25T13:10:15.704Z msg: {"method":"initialize","params":{"protocolVersion":"2025-11-25","capabilities":{"sampling":{"tools":{}},"elicitation":{"form":{},"url":{}}},"clientInfo":{"name":"mcp","version":"0.1.0"}},"jsonrpc":"2.
2026-08-25T13:10:15.705Z >> {"jsonrpc":"2.0","id":0,"result":{"protocolVersion":"2024-11-05","capabilities":{"tools":{}},"serverInfo":{"name":"agentfarm2-game","version":"0.1.0"}}}
2026-08-25T13:10:17.152Z === MCP server 启动 (pid 31732) ===
2026-08-25T13:10:17.160Z msg: {"method":"initialize","params":{"protocolVersion":"2025-11-25","capabilities":{"sampling":{"tools":{}},"elicitation":{"form":{},"url":{}}},"clientInfo":{"name":"mcp","version":"0.1.0"}},"jsonrpc":"2.
2026-08-25T13:10:17.160Z >> {"jsonrpc":"2.0","id":0,"result":{"protocolVersion":"2024-11-05","capabilities":{"tools":{}},"serverInfo":{"name":"agentfarm2-game","version":"0.1.0"}}}
2026-08-25T13:10:19.275Z === MCP server 启动 (pid 13196) ===
2026-08-25T13:10:19.282Z msg: {"method":"initialize","params":{"protocolVersion":"2025-11-25","capabilities":{"sampling":{"tools":{}},"elicitation":{"form":{},"url":{}}},"clientInfo":{"name":"mcp","version":"0.1.0"}},"jsonrpc":"2.
2026-08-25T13:10:19.283Z >> {"jsonrpc":"2.0","id":0,"result":{"protocolVersion":"2024-11-05","capabilities":{"tools":{}},"serverInfo":{"name":"agentfarm2-game","version":"0.1.0"}}}
2026-08-25T13:10:24.294Z === MCP server 启动 (pid 16828) ===
2026-08-25T13:10:24.302Z msg: {"method":"initialize","params":{"protocolVersion":"2025-11-25","capabilities":{"sampling":{"tools":{}},"elicitation":{"form":{},"url":{}}},"clientInfo":{"name":"mcp","version":"0.1.0"}},"jsonrpc":"2.
2026-08-25T13:10:24.303Z >> {"jsonrpc":"2.0","id":0,"result":{"protocolVersion":"2024-11-05","capabilities":{"tools":{}},"serverInfo":{"name":"agentfarm2-game","version":"0.1.0"}}}
2026-08-25T13:15:24.606Z === MCP server 启动 (pid 19992) ===
2026-08-25T13:15:24.612Z msg: {"method":"initialize","params":{"protocolVersion":"2025-11-25","capabilities":{"sampling":{"tools":{}},"elicitation":{"form":{},"url":{}}},"clientInfo":{"name":"mcp","version":"0.1.0"}},"jsonrpc":"2.
2026-08-25T13:15:24.613Z >> {"jsonrpc":"2.0","id":0,"result":{"protocolVersion":"2024-11-05","capabilities":{"tools":{}},"serverInfo":{"name":"agentfarm2-game","version":"0.1.0"}}}
2026-08-25T13:15:26.026Z === MCP server 启动 (pid 22336) ===
2026-08-25T13:15:26.032Z msg: {"method":"initialize","params":{"protocolVersion":"2025-11-25","capabilities":{"sampling":{"tools":{}},"elicitation":{"form":{},"url":{}}},"clientInfo":{"name":"mcp","version":"0.1.0"}},"jsonrpc":"2.
2026-08-25T13:15:26.033Z >> {"jsonrpc":"2.0","id":0,"result":{"protocolVersion":"2024-11-05","capabilities":{"tools":{}},"serverInfo":{"name":"agentfarm2-game","version":"0.1.0"}}}
2026-08-25T13:15:27.948Z === MCP server 启动 (pid 17968) ===
2026-08-25T13:15:27.955Z msg: {"method":"initialize","params":{"protocolVersion":"2025-11-25","capabilities":{"sampling":{"tools":{}},"elicitation":{"form":{},"url":{}}},"clientInfo":{"name":"mcp","version":"0.1.0"}},"jsonrpc":"2.
2026-08-25T13:15:27.955Z >> {"jsonrpc":"2.0","id":0,"result":{"protocolVersion":"2024-11-05","capabilities":{"tools":{}},"serverInfo":{"name":"agentfarm2-game","version":"0.1.0"}}}
2026-08-25T13:15:32.333Z === MCP server 启动 (pid 32096) ===
2026-08-25T13:15:32.340Z msg: {"method":"initialize","params":{"protocolVersion":"2025-11-25","capabilities":{"sampling":{"tools":{}},"elicitation":{"form":{},"url":{}}},"clientInfo":{"name":"mcp","version":"0.1.0"}},"jsonrpc":"2.
2026-08-25T13:15:32.340Z >> {"jsonrpc":"2.0","id":0,"result":{"protocolVersion":"2024-11-05","capabilities":{"tools":{}},"serverInfo":{"name":"agentfarm2-game","version":"0.1.0"}}}
2026-08-25T13:20:32.598Z === MCP server 启动 (pid 8632) ===
2026-08-25T13:20:32.605Z msg: {"method":"initialize","params":{"protocolVersion":"2025-11-25","capabilities":{"sampling":{"tools":{}},"elicitation":{"form":{},"url":{}}},"clientInfo":{"name":"mcp","version":"0.1.0"}},"jsonrpc":"2.
2026-08-25T13:20:32.605Z >> {"jsonrpc":"2.0","id":0,"result":{"protocolVersion":"2024-11-05","capabilities":{"tools":{}},"serverInfo":{"name":"agentfarm2-game","version":"0.1.0"}}}
2026-08-25T13:20:33.733Z === MCP server 启动 (pid 39824) ===
2026-08-25T13:20:33.740Z msg: {"method":"initialize","params":{"protocolVersion":"2025-11-25","capabilities":{"sampling":{"tools":{}},"elicitation":{"form":{},"url":{}}},"clientInfo":{"name":"mcp","version":"0.1.0"}},"jsonrpc":"2.
2026-08-25T13:20:33.740Z >> {"jsonrpc":"2.0","id":0,"result":{"protocolVersion":"2024-11-05","capabilities":{"tools":{}},"serverInfo":{"name":"agentfarm2-game","version":"0.1.0"}}}
2026-08-25T13:20:35.729Z === MCP server 启动 (pid 28016) ===
2026-08-25T13:20:35.736Z msg: {"method":"initialize","params":{"protocolVersion":"2025-11-25","capabilities":{"sampling":{"tools":{}},"elicitation":{"form":{},"url":{}}},"clientInfo":{"name":"mcp","version":"0.1.0"}},"jsonrpc":"2.
2026-08-25T13:20:35.736Z >> {"jsonrpc":"2.0","id":0,"result":{"protocolVersion":"2024-11-05","capabilities":{"tools":{}},"serverInfo":{"name":"agentfarm2-game","version":"0.1.0"}}}
2026-08-25T13:20:39.431Z === MCP server 启动 (pid 36388) ===
2026-08-25T13:20:39.437Z msg: {"method":"initialize","params":{"protocolVersion":"2025-11-25","capabilities":{"sampling":{"tools":{}},"elicitation":{"form":{},"url":{}}},"clientInfo":{"name":"mcp","version":"0.1.0"}},"jsonrpc":"2.
2026-08-25T13:20:39.438Z >> {"jsonrpc":"2.0","id":0,"result":{"protocolVersion":"2024-11-05","capabilities":{"tools":{}},"serverInfo":{"name":"agentfarm2-game","version":"0.1.0"}}}
2026-08-25T13:25:39.741Z === MCP server 启动 (pid 3316) ===
2026-08-25T13:25:39.748Z msg: {"method":"initialize","params":{"protocolVersion":"2025-11-25","capabilities":{"sampling":{"tools":{}},"elicitation":{"form":{},"url":{}}},"clientInfo":{"name":"mcp","version":"0.1.0"}},"jsonrpc":"2.
2026-08-25T13:25:39.748Z >> {"jsonrpc":"2.0","id":0,"result":{"protocolVersion":"2024-11-05","capabilities":{"tools":{}},"serverInfo":{"name":"agentfarm2-game","version":"0.1.0"}}}
2026-08-25T13:25:41.175Z === MCP server 启动 (pid 14708) ===
2026-08-25T13:25:41.183Z msg: {"method":"initialize","params":{"protocolVersion":"2025-11-25","capabilities":{"sampling":{"tools":{}},"elicitation":{"form":{},"url":{}}},"clientInfo":{"name":"mcp","version":"0.1.0"}},"jsonrpc":"2.
2026-08-25T13:25:41.184Z >> {"jsonrpc":"2.0","id":0,"result":{"protocolVersion":"2024-11-05","capabilities":{"tools":{}},"serverInfo":{"name":"agentfarm2-game","version":"0.1.0"}}}
2026-08-25T13:25:43.083Z === MCP server 启动 (pid 33348) ===
2026-08-25T13:25:43.089Z msg: {"method":"initialize","params":{"protocolVersion":"2025-11-25","capabilities":{"sampling":{"tools":{}},"elicitation":{"form":{},"url":{}}},"clientInfo":{"name":"mcp","version":"0.1.0"}},"jsonrpc":"2.
2026-08-25T13:25:43.090Z >> {"jsonrpc":"2.0","id":0,"result":{"protocolVersion":"2024-11-05","capabilities":{"tools":{}},"serverInfo":{"name":"agentfarm2-game","version":"0.1.0"}}}
2026-08-25T13:25:48.006Z === MCP server 启动 (pid 18144) ===
2026-08-25T13:25:48.014Z msg: {"method":"initialize","params":{"protocolVersion":"2025-11-25","capabilities":{"sampling":{"tools":{}},"elicitation":{"form":{},"url":{}}},"clientInfo":{"name":"mcp","version":"0.1.0"}},"jsonrpc":"2.
2026-08-25T13:25:48.014Z >> {"jsonrpc":"2.0","id":0,"result":{"protocolVersion":"2024-11-05","capabilities":{"tools":{}},"serverInfo":{"name":"agentfarm2-game","version":"0.1.0"}}}
2026-08-25T13:30:48.279Z === MCP server 启动 (pid 6808) ===
2026-08-25T13:30:48.285Z msg: {"method":"initialize","params":{"protocolVersion":"2025-11-25","capabilities":{"sampling":{"tools":{}},"elicitation":{"form":{},"url":{}}},"clientInfo":{"name":"mcp","version":"0.1.0"}},"jsonrpc":"2.
2026-08-25T13:30:48.286Z >> {"jsonrpc":"2.0","id":0,"result":{"protocolVersion":"2024-11-05","capabilities":{"tools":{}},"serverInfo":{"name":"agentfarm2-game","version":"0.1.0"}}}
2026-08-25T13:30:49.492Z === MCP server 启动 (pid 27848) ===
2026-08-25T13:30:49.499Z msg: {"method":"initialize","params":{"protocolVersion":"2025-11-25","capabilities":{"sampling":{"tools":{}},"elicitation":{"form":{},"url":{}}},"clientInfo":{"name":"mcp","version":"0.1.0"}},"jsonrpc":"2.
2026-08-25T13:30:49.499Z >> {"jsonrpc":"2.0","id":0,"result":{"protocolVersion":"2024-11-05","capabilities":{"tools":{}},"serverInfo":{"name":"agentfarm2-game","version":"0.1.0"}}}
2026-08-25T13:30:52.032Z === MCP server 启动 (pid 9848) ===
2026-08-25T13:30:52.040Z msg: {"method":"initialize","params":{"protocolVersion":"2025-11-25","capabilities":{"sampling":{"tools":{}},"elicitation":{"form":{},"url":{}}},"clientInfo":{"name":"mcp","version":"0.1.0"}},"jsonrpc":"2.
2026-08-25T13:30:52.041Z >> {"jsonrpc":"2.0","id":0,"result":{"protocolVersion":"2024-11-05","capabilities":{"tools":{}},"serverInfo":{"name":"agentfarm2-game","version":"0.1.0"}}}
2026-08-25T13:30:55.945Z === MCP server 启动 (pid 27732) ===
2026-08-25T13:30:55.952Z msg: {"method":"initialize","params":{"protocolVersion":"2025-11-25","capabilities":{"sampling":{"tools":{}},"elicitation":{"form":{},"url":{}}},"clientInfo":{"name":"mcp","version":"0.1.0"}},"jsonrpc":"2.
2026-08-25T13:30:55.952Z >> {"jsonrpc":"2.0","id":0,"result":{"protocolVersion":"2024-11-05","capabilities":{"tools":{}},"serverInfo":{"name":"agentfarm2-game","version":"0.1.0"}}}
2026-08-25T13:35:56.220Z === MCP server 启动 (pid 1696) ===
2026-08-25T13:35:56.227Z msg: {"method":"initialize","params":{"protocolVersion":"2025-11-25","capabilities":{"sampling":{"tools":{}},"elicitation":{"form":{},"url":{}}},"clientInfo":{"name":"mcp","version":"0.1.0"}},"jsonrpc":"2.
2026-08-25T13:35:56.228Z >> {"jsonrpc":"2.0","id":0,"result":{"protocolVersion":"2024-11-05","capabilities":{"tools":{}},"serverInfo":{"name":"agentfarm2-game","version":"0.1.0"}}}
2026-08-25T13:35:57.377Z === MCP server 启动 (pid 748) ===
2026-08-25T13:35:57.384Z msg: {"method":"initialize","params":{"protocolVersion":"2025-11-25","capabilities":{"sampling":{"tools":{}},"elicitation":{"form":{},"url":{}}},"clientInfo":{"name":"mcp","version":"0.1.0"}},"jsonrpc":"2.
2026-08-25T13:35:57.384Z >> {"jsonrpc":"2.0","id":0,"result":{"protocolVersion":"2024-11-05","capabilities":{"tools":{}},"serverInfo":{"name":"agentfarm2-game","version":"0.1.0"}}}
2026-08-25T13:35:59.255Z === MCP server 启动 (pid 36500) ===
2026-08-25T13:35:59.262Z msg: {"method":"initialize","params":{"protocolVersion":"2025-11-25","capabilities":{"sampling":{"tools":{}},"elicitation":{"form":{},"url":{}}},"clientInfo":{"name":"mcp","version":"0.1.0"}},"jsonrpc":"2.
2026-08-25T13:35:59.262Z >> {"jsonrpc":"2.0","id":0,"result":{"protocolVersion":"2024-11-05","capabilities":{"tools":{}},"serverInfo":{"name":"agentfarm2-game","version":"0.1.0"}}}
2026-08-25T13:36:03.428Z === MCP server 启动 (pid 17772) ===
2026-08-25T13:36:03.434Z msg: {"method":"initialize","params":{"protocolVersion":"2025-11-25","capabilities":{"sampling":{"tools":{}},"elicitation":{"form":{},"url":{}}},"clientInfo":{"name":"mcp","version":"0.1.0"}},"jsonrpc":"2.
2026-08-25T13:36:03.435Z >> {"jsonrpc":"2.0","id":0,"result":{"protocolVersion":"2024-11-05","capabilities":{"tools":{}},"serverInfo":{"name":"agentfarm2-game","version":"0.1.0"}}}
2026-08-25T13:41:03.779Z === MCP server 启动 (pid 17744) ===
2026-08-25T13:41:03.786Z msg: {"method":"initialize","params":{"protocolVersion":"2025-11-25","capabilities":{"sampling":{"tools":{}},"elicitation":{"form":{},"url":{}}},"clientInfo":{"name":"mcp","version":"0.1.0"}},"jsonrpc":"2.
2026-08-25T13:41:03.786Z >> {"jsonrpc":"2.0","id":0,"result":{"protocolVersion":"2024-11-05","capabilities":{"tools":{}},"serverInfo":{"name":"agentfarm2-game","version":"0.1.0"}}}
2026-08-25T13:41:04.951Z === MCP server 启动 (pid 10536) ===
2026-08-25T13:41:04.958Z msg: {"method":"initialize","params":{"protocolVersion":"2025-11-25","capabilities":{"sampling":{"tools":{}},"elicitation":{"form":{},"url":{}}},"clientInfo":{"name":"mcp","version":"0.1.0"}},"jsonrpc":"2.
2026-08-25T13:41:04.958Z >> {"jsonrpc":"2.0","id":0,"result":{"protocolVersion":"2024-11-05","capabilities":{"tools":{}},"serverInfo":{"name":"agentfarm2-game","version":"0.1.0"}}}
2026-08-25T13:41:07.379Z === MCP server 启动 (pid 32720) ===
2026-08-25T13:41:07.385Z msg: {"method":"initialize","params":{"protocolVersion":"2025-11-25","capabilities":{"sampling":{"tools":{}},"elicitation":{"form":{},"url":{}}},"clientInfo":{"name":"mcp","version":"0.1.0"}},"jsonrpc":"2.
2026-08-25T13:41:07.386Z >> {"jsonrpc":"2.0","id":0,"result":{"protocolVersion":"2024-11-05","capabilities":{"tools":{}},"serverInfo":{"name":"agentfarm2-game","version":"0.1.0"}}}
2026-08-25T13:41:11.741Z === MCP server 启动 (pid 28876) ===
2026-08-25T13:41:11.748Z msg: {"method":"initialize","params":{"protocolVersion":"2025-11-25","capabilities":{"sampling":{"tools":{}},"elicitation":{"form":{},"url":{}}},"clientInfo":{"name":"mcp","version":"0.1.0"}},"jsonrpc":"2.
2026-08-25T13:41:11.748Z >> {"jsonrpc":"2.0","id":0,"result":{"protocolVersion":"2024-11-05","capabilities":{"tools":{}},"serverInfo":{"name":"agentfarm2-game","version":"0.1.0"}}}
2026-08-25T13:46:12.031Z === MCP server 启动 (pid 2396) ===
2026-08-25T13:46:12.037Z msg: {"method":"initialize","params":{"protocolVersion":"2025-11-25","capabilities":{"sampling":{"tools":{}},"elicitation":{"form":{},"url":{}}},"clientInfo":{"name":"mcp","version":"0.1.0"}},"jsonrpc":"2.
2026-08-25T13:46:12.038Z >> {"jsonrpc":"2.0","id":0,"result":{"protocolVersion":"2024-11-05","capabilities":{"tools":{}},"serverInfo":{"name":"agentfarm2-game","version":"0.1.0"}}}
2026-08-25T13:46:13.483Z === MCP server 启动 (pid 2828) ===
2026-08-25T13:46:13.490Z msg: {"method":"initialize","params":{"protocolVersion":"2025-11-25","capabilities":{"sampling":{"tools":{}},"elicitation":{"form":{},"url":{}}},"clientInfo":{"name":"mcp","version":"0.1.0"}},"jsonrpc":"2.
2026-08-25T13:46:13.491Z >> {"jsonrpc":"2.0","id":0,"result":{"protocolVersion":"2024-11-05","capabilities":{"tools":{}},"serverInfo":{"name":"agentfarm2-game","version":"0.1.0"}}}
2026-08-25T13:46:15.845Z === MCP server 启动 (pid 24484) ===
2026-08-25T13:46:15.852Z msg: {"method":"initialize","params":{"protocolVersion":"2025-11-25","capabilities":{"sampling":{"tools":{}},"elicitation":{"form":{},"url":{}}},"clientInfo":{"name":"mcp","version":"0.1.0"}},"jsonrpc":"2.
2026-08-25T13:46:15.853Z >> {"jsonrpc":"2.0","id":0,"result":{"protocolVersion":"2024-11-05","capabilities":{"tools":{}},"serverInfo":{"name":"agentfarm2-game","version":"0.1.0"}}}
2026-08-25T13:46:20.282Z === MCP server 启动 (pid 22496) ===
2026-08-25T13:46:20.289Z msg: {"method":"initialize","params":{"protocolVersion":"2025-11-25","capabilities":{"sampling":{"tools":{}},"elicitation":{"form":{},"url":{}}},"clientInfo":{"name":"mcp","version":"0.1.0"}},"jsonrpc":"2.
2026-08-25T13:46:20.289Z >> {"jsonrpc":"2.0","id":0,"result":{"protocolVersion":"2024-11-05","capabilities":{"tools":{}},"serverInfo":{"name":"agentfarm2-game","version":"0.1.0"}}}
2026-08-27T06:21:14.251Z === MCP server 启动 (pid 7412) ===
2026-08-27T06:21:14.260Z msg: {"method":"initialize","params":{"protocolVersion":"2025-11-25","capabilities":{"sampling":{"tools":{}},"elicitation":{"form":{},"url":{}}},"clientInfo":{"name":"mcp","version":"0.1.0"}},"jsonrpc":"2.
2026-08-27T06:21:14.260Z >> {"jsonrpc":"2.0","id":0,"result":{"protocolVersion":"2024-11-05","capabilities":{"tools":{}},"serverInfo":{"name":"agentfarm2-game","version":"0.1.0"}}}
2026-08-27T06:21:15.501Z === MCP server 启动 (pid 38252) ===
2026-08-27T06:21:15.508Z msg: {"method":"initialize","params":{"protocolVersion":"2025-11-25","capabilities":{"sampling":{"tools":{}},"elicitation":{"form":{},"url":{}}},"clientInfo":{"name":"mcp","version":"0.1.0"}},"jsonrpc":"2.
2026-08-27T06:21:15.509Z >> {"jsonrpc":"2.0","id":0,"result":{"protocolVersion":"2024-11-05","capabilities":{"tools":{}},"serverInfo":{"name":"agentfarm2-game","version":"0.1.0"}}}
2026-08-27T06:21:17.715Z === MCP server 启动 (pid 34184) ===
2026-08-27T06:21:17.722Z msg: {"method":"initialize","params":{"protocolVersion":"2025-11-25","capabilities":{"sampling":{"tools":{}},"elicitation":{"form":{},"url":{}}},"clientInfo":{"name":"mcp","version":"0.1.0"}},"jsonrpc":"2.
2026-08-27T06:21:17.723Z >> {"jsonrpc":"2.0","id":0,"result":{"protocolVersion":"2024-11-05","capabilities":{"tools":{}},"serverInfo":{"name":"agentfarm2-game","version":"0.1.0"}}}
2026-08-27T06:21:21.590Z === MCP server 启动 (pid 18404) ===
2026-08-27T06:21:21.597Z msg: {"method":"initialize","params":{"protocolVersion":"2025-11-25","capabilities":{"sampling":{"tools":{}},"elicitation":{"form":{},"url":{}}},"clientInfo":{"name":"mcp","version":"0.1.0"}},"jsonrpc":"2.
2026-08-27T06:21:21.598Z >> {"jsonrpc":"2.0","id":0,"result":{"protocolVersion":"2024-11-05","capabilities":{"tools":{}},"serverInfo":{"name":"agentfarm2-game","version":"0.1.0"}}}
